DateTime,Hashrate [H/s]
2015-08-07 00:00:00,95297747680.0857
2015-08-08 00:00:00,104892236890.687
2015-08-09 00:00:00,109676945486.006
2015-08-10 00:00:00,120610799179.867
2015-08-11 00:00:00,134766886331.011
2015-08-12 00:00:00,142999727420.3
2015-08-13 00:00:00,156606018231.665
2015-08-14 00:00:00,196722874450.417
2015-08-15 00:00:00,227666580264.112
2015-08-16 00:00:00,231942202730.598
2015-08-17 00:00:00,258915864704.976
2015-08-18 00:00:00,270470331405.17
2015-08-19 00:00:00,284044135458.749
2015-08-20 00:00:00,221468069464.524
2015-08-21 00:00:00,277264309584.153
2015-08-22 00:00:00,312618144214.45
2015-08-23 00:00:00,317162749742.868
2015-08-24 00:00:00,333335492749.496
2015-08-25 00:00:00,325201816315.551
2015-08-26 00:00:00,343102359407.497
2015-08-27 00:00:00,341118418029.762
2015-08-28 00:00:00,355219519712.284
2015-08-29 00:00:00,351443303076.77
2015-08-30 00:00:00,340150290111.124
2015-08-31 00:00:00,359341490868.543
2015-09-01 00:00:00,363512354041.698
2015-09-02 00:00:00,355779356315.663
2015-09-03 00:00:00,339122685054.732
2015-09-04 00:00:00,349982135771.763
2015-09-05 00:00:00,374913124969.139
2015-09-06 00:00:00,388433114376.026
2015-09-07 00:00:00,379841573551.565
2015-09-08 00:00:00,370785471097.477
2015-09-09 00:00:00,386137579874.697
2015-09-10 00:00:00,392080890204.319
2015-09-11 00:00:00,421668550189.309
2015-09-12 00:00:00,424171784401.561
2015-09-13 00:00:00,432689994307.222
2015-09-14 00:00:00,399653850867.343
2015-09-15 00:00:00,387803268389.22
2015-09-16 00:00:00,383930083751.596
2015-09-17 00:00:00,362139920116.927
2015-09-18 00:00:00,346369552395.557
2015-09-19 00:00:00,357412908756.805
2015-09-20 00:00:00,408789286948.858
2015-09-21 00:00:00,410003700796.693
2015-09-22 00:00:00,410100833216.807
2015-09-23 00:00:00,438890619972.702
2015-09-24 00:00:00,436218902911.86
2015-09-25 00:00:00,443478115525.524
2015-09-26 00:00:00,440625930564.988
2015-09-27 00:00:00,426457256785.209
2015-09-28 00:00:00,391416619822.828
2015-09-29 00:00:00,347260201936.552
2015-09-30 00:00:00,332846785960.136
2015-10-01 00:00:00,365320370591.243
2015-10-02 00:00:00,378477872389.224
2015-10-03 00:00:00,390965346687.085
2015-10-04 00:00:00,371097040215.867
2015-10-05 00:00:00,385593881655.111
2015-10-06 00:00:00,368489379086.964
2015-10-07 00:00:00,366973205023.931
2015-10-08 00:00:00,375201688580.611
2015-10-09 00:00:00,364870086204.626
2015-10-10 00:00:00,360603795392.211
2015-10-11 00:00:00,381956474380.062
2015-10-12 00:00:00,386254502402.484
2015-10-13 00:00:00,397934772325.257
2015-10-14 00:00:00,394174872462.272
2015-10-15 00:00:00,372916030147.197
2015-10-16 00:00:00,347004215423.205
2015-10-17 00:00:00,373030407773.244
2015-10-18 00:00:00,362435658041.088
2015-10-19 00:00:00,360920293657.107
2015-10-20 00:00:00,359406256763.779
2015-10-21 00:00:00,359015928569.172
2015-10-22 00:00:00,341132964350.504
2015-10-23 00:00:00,380733704574.477
2015-10-24 00:00:00,400712364373.181
2015-10-25 00:00:00,415421916600.345
2015-10-26 00:00:00,399352419351.623
2015-10-27 00:00:00,423606935733.201
2015-10-28 00:00:00,425217897400.968
2015-10-29 00:00:00,457118050622.996
2015-10-30 00:00:00,485181790381.156
2015-10-31 00:00:00,512482245181.449
2015-11-01 00:00:00,520751967660.4
2015-11-02 00:00:00,494438532535.908
2015-11-03 00:00:00,480200507886.796
2015-11-04 00:00:00,508443346287.702
2015-11-05 00:00:00,489331291049.571
2015-11-06 00:00:00,491429618712.939
2015-11-07 00:00:00,478048414469.794
2015-11-08 00:00:00,498826132097.015
2015-11-09 00:00:00,496545107607.664
2015-11-10 00:00:00,505390345517.765
2015-11-11 00:00:00,509043487356.835
2015-11-12 00:00:00,517330958182.502
2015-11-13 00:00:00,528346135780.694
2015-11-14 00:00:00,534865998775.589
2015-11-15 00:00:00,550254722975.175
2015-11-16 00:00:00,541283940502.086
2015-11-17 00:00:00,535672271868.954
2015-11-18 00:00:00,550612437838.644
2015-11-19 00:00:00,552743812354.594
2015-11-20 00:00:00,472848994779.946
2015-11-21 00:00:00,480042302797.303
2015-11-22 00:00:00,480238901990.802
2015-11-23 00:00:00,487941982010.148
2015-11-24 00:00:00,486567873808.023
2015-11-25 00:00:00,470159496206.948
2015-11-26 00:00:00,470861416174.57
2015-11-27 00:00:00,492944670594.281
2015-11-28 00:00:00,498720992634.322
2015-11-29 00:00:00,500380846290.501
2015-11-30 00:00:00,503871991565.669
2015-12-01 00:00:00,514321990761.689
2015-12-02 00:00:00,481807290451.979
2015-12-03 00:00:00,504306948388.254
2015-12-04 00:00:00,493198143647.095
2015-12-05 00:00:00,511916968889.251
2015-12-06 00:00:00,487659801017.172
2015-12-07 00:00:00,483667889043.327
2015-12-08 00:00:00,469523295121.556
2015-12-09 00:00:00,494321277216.118
2015-12-10 00:00:00,504825004080.369
2015-12-11 00:00:00,514558594892.225
2015-12-12 00:00:00,517896070711.657
2015-12-13 00:00:00,556792870328.344
2015-12-14 00:00:00,541236871654.792
2015-12-15 00:00:00,559707647367.266
2015-12-16 00:00:00,534079108913.63
2015-12-17 00:00:00,553982448707.383
2015-12-18 00:00:00,552164106189.558
2015-12-19 00:00:00,548837540000.316
2015-12-20 00:00:00,533099835936.994
2015-12-21 00:00:00,531446645564.428
2015-12-22 00:00:00,564947516476.065
2015-12-23 00:00:00,553008752219.607
2015-12-24 00:00:00,539483402899.86
2015-12-25 00:00:00,539187075852.711
2015-12-26 00:00:00,529362229712.588
2015-12-27 00:00:00,545440760250.418
2015-12-28 00:00:00,545158448548.893
2015-12-29 00:00:00,542193003610.779
2015-12-30 00:00:00,534548572972.027
2015-12-31 00:00:00,542725192823.958
2016-01-01 00:00:00,526080043795.978
2016-01-02 00:00:00,528053698175.424
2016-01-03 00:00:00,544840649374.389
2016-01-04 00:00:00,541290799400.865
2016-01-05 00:00:00,548861090239.54
2016-01-06 00:00:00,552182610632.024
2016-01-07 00:00:00,526218703269.983
2016-01-08 00:00:00,550687942229.653
2016-01-09 00:00:00,551657034471.68
2016-01-10 00:00:00,537946675623.76
2016-01-11 00:00:00,561657576051.714
2016-01-12 00:00:00,541092686636.564
2016-01-13 00:00:00,530560897081.563
2016-01-14 00:00:00,553750991918.534
2016-01-15 00:00:00,567139411682.168
2016-01-16 00:00:00,574085617131.033
2016-01-17 00:00:00,568321719086.962
2016-01-18 00:00:00,591499464715.268
2016-01-19 00:00:00,584880064828.14
2016-01-20 00:00:00,588126075577
2016-01-21 00:00:00,584138167495.534
2016-01-22 00:00:00,610658435632.798
2016-01-23 00:00:00,608804210102.879
2016-01-24 00:00:00,650658976676.833
2016-01-25 00:00:00,624622219810.6
2016-01-26 00:00:00,673085445473.747
2016-01-27 00:00:00,663597075385.537
2016-01-28 00:00:00,652271801201.344
2016-01-29 00:00:00,670039338113.835
2016-01-30 00:00:00,668791594515.125
2016-01-31 00:00:00,646688845759.415
2016-02-01 00:00:00,679240541886.959
2016-02-02 00:00:00,648634013328.698
2016-02-03 00:00:00,696796696966.624
2016-02-04 00:00:00,694226017950.456
2016-02-05 00:00:00,698595552826.595
2016-02-06 00:00:00,674528669041.809
2016-02-07 00:00:00,693340554522.274
2016-02-08 00:00:00,723386657107.545
2016-02-09 00:00:00,699338436984.4
2016-02-10 00:00:00,718057329716.444
2016-02-11 00:00:00,747546711561.849
2016-02-12 00:00:00,720869052804.308
2016-02-13 00:00:00,765950669836.767
2016-02-14 00:00:00,775298804747.381
2016-02-15 00:00:00,794712612387.911
2016-02-16 00:00:00,789639709926.829
2016-02-17 00:00:00,770078994274.963
2016-02-18 00:00:00,750945258002.086
2016-02-19 00:00:00,794783219652.717
2016-02-20 00:00:00,800295691792.675
2016-02-21 00:00:00,808846880925.652
2016-02-22 00:00:00,844642383439.517
2016-02-23 00:00:00,849490910313.203
2016-02-24 00:00:00,846587713729.692
2016-02-25 00:00:00,855874001111.038
2016-02-26 00:00:00,881651031092.84
2016-02-27 00:00:00,896853524619.199
2016-02-28 00:00:00,915812758039.597
2016-02-29 00:00:00,885965041543.154
2016-03-01 00:00:00,900562920442.789
2016-03-02 00:00:00,939133918965.913
2016-03-03 00:00:00,957272847074.808
2016-03-04 00:00:00,982821086059.88
2016-03-05 00:00:00,1030054717986.05
2016-03-06 00:00:00,1036733655664.82
2016-03-07 00:00:00,1047340044430.87
2016-03-08 00:00:00,1060230669040.85
2016-03-09 00:00:00,1080955371408.63
2016-03-10 00:00:00,1124356306383.2
2016-03-11 00:00:00,1152216595864.64
2016-03-12 00:00:00,1215700099242.9
2016-03-13 00:00:00,1291076502128.97
2016-03-14 00:00:00,1246558725868.19
2016-03-15 00:00:00,1295479530865.04
2016-03-16 00:00:00,1322233879117.54
2016-03-17 00:00:00,1369126446532.87
2016-03-18 00:00:00,1354841058934.21
2016-03-19 00:00:00,1419687675840.86
2016-03-20 00:00:00,1451318582726.27
2016-03-21 00:00:00,1429138053074.64
2016-03-22 00:00:00,1466450428498.14
2016-03-23 00:00:00,1389293532703.91
2016-03-24 00:00:00,1505188788528.86
2016-03-25 00:00:00,1574226191932.97
2016-03-26 00:00:00,1620682564584.46
2016-03-27 00:00:00,1641833074167.36
2016-03-28 00:00:00,1608136382091.66
2016-03-29 00:00:00,1670778019602.6
2016-03-30 00:00:00,1712185700380.86
2016-03-31 00:00:00,1769035745511.43
2016-04-01 00:00:00,1789817393680.18
2016-04-02 00:00:00,1726949885023.18
2016-04-03 00:00:00,1825846322390.96
2016-04-04 00:00:00,1909197642345.21
2016-04-05 00:00:00,1918397536244.33
2016-04-06 00:00:00,1894439759421.21
2016-04-07 00:00:00,1812659262509.56
2016-04-08 00:00:00,1973048220070.48
2016-04-09 00:00:00,1960189595187.2
2016-04-10 00:00:00,2037024862971.53
2016-04-11 00:00:00,1971575627451.2
2016-04-12 00:00:00,1930473092384.18
2016-04-13 00:00:00,2027421380536.65
2016-04-14 00:00:00,2040375130699.3
2016-04-15 00:00:00,2122167529802.15
2016-04-16 00:00:00,2151074943473.99
2016-04-17 00:00:00,2099280806855.03
2016-04-18 00:00:00,2224801291535.15
2016-04-19 00:00:00,2223765137484.05
2016-04-20 00:00:00,2269763007713.88
2016-04-21 00:00:00,2289254378966.75
2016-04-22 00:00:00,2219076317705.15
2016-04-23 00:00:00,2314448469915.97
2016-04-24 00:00:00,2282030666867.96
2016-04-25 00:00:00,2397721099664.24
2016-04-26 00:00:00,2327815891336.66
2016-04-27 00:00:00,2343464828717.42
2016-04-28 00:00:00,2397904794417.01
2016-04-29 00:00:00,2445448200823.65
2016-04-30 00:00:00,2541228932038.35
2016-05-01 00:00:00,2519767225621.25
2016-05-02 00:00:00,2435219840602.69
2016-05-03 00:00:00,2570410522389.61
2016-05-04 00:00:00,2540344787717.16
2016-05-05 00:00:00,2548701166408.76
2016-05-06 00:00:00,2558523712817.64
2016-05-07 00:00:00,2546813749284.67
2016-05-08 00:00:00,2596710290954.45
2016-05-09 00:00:00,2619743999544.91
2016-05-10 00:00:00,2678717440176.71
2016-05-11 00:00:00,2576603383368.04
2016-05-12 00:00:00,2640637107457.83
2016-05-13 00:00:00,2813675684482
2016-05-14 00:00:00,2768627001262.22
2016-05-15 00:00:00,2788563368348.3
2016-05-16 00:00:00,2781613597347.33
2016-05-17 00:00:00,2777192964685.13
2016-05-18 00:00:00,2892843814287.1
2016-05-19 00:00:00,2959044583328.83
2016-05-20 00:00:00,3019774847807.74
2016-05-21 00:00:00,3043448414845.53
2016-05-22 00:00:00,3033650218077.57
2016-05-23 00:00:00,3047866153188.98
2016-05-24 00:00:00,3097543437133.58
2016-05-25 00:00:00,3126327811496.49
2016-05-26 00:00:00,3161298629924.28
2016-05-27 00:00:00,3175261885372.78
2016-05-28 00:00:00,3252982017093.36
2016-05-29 00:00:00,3275694018884.62
2016-05-30 00:00:00,3266297530675.84
2016-05-31 00:00:00,3226586976636.16
2016-06-01 00:00:00,3169792296893.99
2016-06-02 00:00:00,3240178229617.22
2016-06-03 00:00:00,3413333089837.47
2016-06-04 00:00:00,3396866078718.92
2016-06-05 00:00:00,3326191023564.84
2016-06-06 00:00:00,3441892302428.28
2016-06-07 00:00:00,3465442263387.12
2016-06-08 00:00:00,3478174070679.95
2016-06-09 00:00:00,3639714923171.99
2016-06-10 00:00:00,3423547415654.23
2016-06-11 00:00:00,3555787603258.6
2016-06-12 00:00:00,3581064327398.95
2016-06-13 00:00:00,3715149232170.01
2016-06-14 00:00:00,3749406503192.43
2016-06-15 00:00:00,3718384153628.93
2016-06-16 00:00:00,3717038953443.17
2016-06-17 00:00:00,3856724752027.32
2016-06-18 00:00:00,3763134226514.83
2016-06-19 00:00:00,3854049984435.96
2016-06-20 00:00:00,3813587474123.79
2016-06-21 00:00:00,3755188733714.78
2016-06-22 00:00:00,3913920422086.93
2016-06-23 00:00:00,3993617789515.5
2016-06-24 00:00:00,3987681765878.09
2016-06-25 00:00:00,3971150219539.87
2016-06-26 00:00:00,4090308262818.94
2016-06-27 00:00:00,4165065826115.69
2016-06-28 00:00:00,4215914871750.65
2016-06-29 00:00:00,4115126939837.66
2016-06-30 00:00:00,4138141994845.59
2016-07-01 00:00:00,4234255557706.31
2016-07-02 00:00:00,4246288363045.95
2016-07-03 00:00:00,4343521691234.62
2016-07-04 00:00:00,4332688742842.52
2016-07-05 00:00:00,4334015062396.26
2016-07-06 00:00:00,4336923604526.15
2016-07-07 00:00:00,4321273099861.83
2016-07-08 00:00:00,4345648467793.11
2016-07-09 00:00:00,4355709093042.19
2016-07-10 00:00:00,4385782907557.01
2016-07-11 00:00:00,4454897495874.6
2016-07-12 00:00:00,4454066920181.59
2016-07-13 00:00:00,4517358014101.33
2016-07-14 00:00:00,4471449708708.04
2016-07-15 00:00:00,4401908333528.89
2016-07-16 00:00:00,4427690388551.08
2016-07-17 00:00:00,4445281837909.32
2016-07-18 00:00:00,4569667322186.09
2016-07-19 00:00:00,4514037582813.02
2016-07-20 00:00:00,4425692444449.49
2016-07-21 00:00:00,4601325592901.31
2016-07-22 00:00:00,4434067480647.6
2016-07-23 00:00:00,4620428149188.01
2016-07-24 00:00:00,4497641817328.97
2016-07-25 00:00:00,4352798934012.64
2016-07-26 00:00:00,4147535225344.46
2016-07-27 00:00:00,3974787711234.9
2016-07-28 00:00:00,4230899907957.7
2016-07-29 00:00:00,4137606101682.56
2016-07-30 00:00:00,4058070741443.24
2016-07-31 00:00:00,4120254389555.36
2016-08-01 00:00:00,4033375880514.44
2016-08-02 00:00:00,3736337701640.27
2016-08-03 00:00:00,3614636398717.93
2016-08-04 00:00:00,3935860678507.46
2016-08-05 00:00:00,4031183899244.52
2016-08-06 00:00:00,3924809359558.43
2016-08-07 00:00:00,4057566463839.27
2016-08-08 00:00:00,4136885718542.9
2016-08-09 00:00:00,4353321145857.21
2016-08-10 00:00:00,4442388028996.12
2016-08-11 00:00:00,4539975826097
2016-08-12 00:00:00,4528215404510.78
2016-08-13 00:00:00,4479007633115.74
2016-08-14 00:00:00,4489678502019.1
2016-08-15 00:00:00,4511128562478.95
2016-08-16 00:00:00,4622474361691.41
2016-08-17 00:00:00,4616770688047.68
2016-08-18 00:00:00,4716782171136.32
2016-08-19 00:00:00,4666174949020.81
2016-08-20 00:00:00,4808963420746.47
2016-08-21 00:00:00,4859174821377.66
2016-08-22 00:00:00,4890827822999.28
2016-08-23 00:00:00,4979463377275.19
2016-08-24 00:00:00,4968598031877.63
2016-08-25 00:00:00,5076635939694.09
2016-08-26 00:00:00,5242074400511.33
2016-08-27 00:00:00,5240906111792.29
2016-08-28 00:00:00,5174788189237.48
2016-08-29 00:00:00,5109615112201.79
2016-08-30 00:00:00,5105237416201.38
2016-08-31 00:00:00,5212281330354.9
2016-09-01 00:00:00,5264592356649.57
2016-09-02 00:00:00,5339215306303.76
2016-09-03 00:00:00,5064148018534.8
2016-09-04 00:00:00,4926821438164.54
2016-09-05 00:00:00,5115919825048.8
2016-09-06 00:00:00,5066067359084.34
2016-09-07 00:00:00,5191916302042.31
2016-09-08 00:00:00,5135603106466.32
2016-09-09 00:00:00,5165513697068.94
2016-09-10 00:00:00,5212562052531.64
2016-09-11 00:00:00,5414214307149.01
2016-09-12 00:00:00,5397753845863.67
2016-09-13 00:00:00,5368991270296.05
2016-09-14 00:00:00,5550815463190.87
2016-09-15 00:00:00,5538613239827.87
2016-09-16 00:00:00,5504613845324.58
2016-09-17 00:00:00,5705668907509.11
2016-09-18 00:00:00,5038401364910.03
2016-09-19 00:00:00,5154735261225.21
2016-09-20 00:00:00,5747673908170.73
2016-09-21 00:00:00,5918559502963.14
2016-09-22 00:00:00,5407052047399.5
2016-09-23 00:00:00,5966677050154.14
2016-09-24 00:00:00,5986874545945.47
2016-09-25 00:00:00,6210908011922.44
2016-09-26 00:00:00,5860603209924.18
2016-09-27 00:00:00,6183216760227.01
2016-09-28 00:00:00,6242795375692.44
2016-09-29 00:00:00,6382146651150.36
2016-09-30 00:00:00,6211431586202.85
2016-10-01 00:00:00,6429507249084.4
2016-10-02 00:00:00,6609471605186.95
2016-10-03 00:00:00,6475198340174.38
2016-10-04 00:00:00,6617234595974.63
2016-10-05 00:00:00,6578741272467.8
2016-10-06 00:00:00,6633222989212.34
2016-10-07 00:00:00,6419073464507.19
2016-10-08 00:00:00,6690447174343.87
2016-10-09 00:00:00,6812695135425.8
2016-10-10 00:00:00,6855611030795.02
2016-10-11 00:00:00,6936505421897.25
2016-10-12 00:00:00,6697249894525.02
2016-10-13 00:00:00,6954090469601.17
2016-10-14 00:00:00,7223457825488.63
2016-10-15 00:00:00,7301581737604.37
2016-10-16 00:00:00,7491259106459.51
2016-10-17 00:00:00,7123331984754.9
2016-10-18 00:00:00,7389812047545.47
2016-10-19 00:00:00,7384622520342.38
2016-10-20 00:00:00,7641027798447.65
2016-10-21 00:00:00,7757501088670.72
2016-10-22 00:00:00,7767737651431.5
2016-10-23 00:00:00,7558216010463.31
2016-10-24 00:00:00,7712454634483.86
2016-10-25 00:00:00,7817568737950.07
2016-10-26 00:00:00,7897002715176.23
2016-10-27 00:00:00,7754708478185.37
2016-10-28 00:00:00,7447345107079.32
2016-10-29 00:00:00,5934101483042.69
2016-10-30 00:00:00,5767185826259.21
2016-10-31 00:00:00,6170146292985.83
2016-11-01 00:00:00,5264344460861.33
2016-11-02 00:00:00,4743955573511.43
2016-11-03 00:00:00,4528247898555.95
2016-11-04 00:00:00,4164223377818.75
2016-11-05 00:00:00,3926610001662.25
2016-11-06 00:00:00,3870623424145.39
2016-11-07 00:00:00,4600510545733.95
2016-11-08 00:00:00,5126400228976.89
2016-11-09 00:00:00,5000551438007.23
2016-11-10 00:00:00,4596658342082.63
2016-11-11 00:00:00,4470953656485.39
2016-11-12 00:00:00,4556290367110.02
2016-11-13 00:00:00,4936709823389.81
2016-11-14 00:00:00,5122431700696.17
2016-11-15 00:00:00,5155448643602.01
2016-11-16 00:00:00,5050248888061.46
2016-11-17 00:00:00,4837876540771.85
2016-11-18 00:00:00,5192955809769.34
2016-11-19 00:00:00,5480853319417.75
2016-11-20 00:00:00,5988916058367.18
2016-11-21 00:00:00,6324216351917.47
2016-11-22 00:00:00,5955185513093.62
2016-11-23 00:00:00,5901229126833.46
2016-11-24 00:00:00,5290842718223.01
2016-11-25 00:00:00,5298406734969.24
2016-11-26 00:00:00,5361820116962.97
2016-11-27 00:00:00,5348315574625.47
2016-11-28 00:00:00,5543472225128.71
2016-11-29 00:00:00,5451866153863.18
2016-11-30 00:00:00,5209584283120.11
2016-12-01 00:00:00,5268317373669.59
2016-12-02 00:00:00,5341342479591.98
2016-12-03 00:00:00,5613994404617.97
2016-12-04 00:00:00,5551353977924.84
2016-12-05 00:00:00,5410063894431.97
2016-12-06 00:00:00,5366883343469.13
2016-12-07 00:00:00,5497013104240.66
2016-12-08 00:00:00,5783461856584.63
2016-12-09 00:00:00,5914498236055.66
2016-12-10 00:00:00,6040528556963.95
2016-12-11 00:00:00,6205280528794.44
2016-12-12 00:00:00,5974147134603.75
2016-12-13 00:00:00,6168933997548.11
2016-12-14 00:00:00,6132463114477.21
2016-12-15 00:00:00,6097211968301.38
2016-12-16 00:00:00,6289786272861.8
2016-12-17 00:00:00,6369426664619.77
2016-12-18 00:00:00,6595238075293.76
2016-12-19 00:00:00,6587402137652.61
2016-12-20 00:00:00,6748577273752.57
2016-12-21 00:00:00,6697088680120.7
2016-12-22 00:00:00,6475574731777.02
2016-12-23 00:00:00,6022843642180.33
2016-12-24 00:00:00,5671700772749.15
2016-12-25 00:00:00,5939614677771.55
2016-12-26 00:00:00,6147497385529.84
2016-12-27 00:00:00,5944281884057.54
2016-12-28 00:00:00,5906054665048.9
2016-12-29 00:00:00,5885490261279.73
2016-12-30 00:00:00,5892064520235.17
2016-12-31 00:00:00,5957323400155.7
2017-01-01 00:00:00,5962954525921.77
2017-01-02 00:00:00,5980211427913.24
2017-01-03 00:00:00,5984178836632.22
2017-01-04 00:00:00,6603631484689.39
2017-01-05 00:00:00,6749130445038.57
2017-01-06 00:00:00,6783053065833.26
2017-01-07 00:00:00,7025644445006.75
2017-01-08 00:00:00,7052193421393.72
2017-01-09 00:00:00,7280987777442.38
2017-01-10 00:00:00,7282948747267
2017-01-11 00:00:00,7356760661754.94
2017-01-12 00:00:00,7432161814723.61
2017-01-13 00:00:00,7568450607947.24
2017-01-14 00:00:00,7587787876488.99
2017-01-15 00:00:00,7741465213587.65
2017-01-16 00:00:00,7734976409404.73
2017-01-17 00:00:00,7657616507290.87
2017-01-18 00:00:00,7593546802973.14
2017-01-19 00:00:00,8111084485563.47
2017-01-20 00:00:00,7838909666799.4
2017-01-21 00:00:00,8044098901852.46
2017-01-22 00:00:00,8084044428462.48
2017-01-23 00:00:00,8232968691544.85
2017-01-24 00:00:00,8124636572854.94
2017-01-25 00:00:00,8145156577090.86
2017-01-26 00:00:00,8367276354161.92
2017-01-27 00:00:00,8243101735426.68
2017-01-28 00:00:00,8278939903902.07
2017-01-29 00:00:00,8116559422023.82
2017-01-30 00:00:00,8343037780447.74
2017-01-31 00:00:00,8338932534518.53
2017-02-01 00:00:00,8225635341901.37
2017-02-02 00:00:00,8407666756899.39
2017-02-03 00:00:00,8271396566720.94
2017-02-04 00:00:00,8428021808831.71
2017-02-05 00:00:00,8774812257046.09
2017-02-06 00:00:00,8875580182845.65
2017-02-07 00:00:00,8865609825593.44
2017-02-08 00:00:00,8983095244663.5
2017-02-09 00:00:00,8945633844956.03
2017-02-10 00:00:00,9217779993314.6
2017-02-11 00:00:00,9274787676124.92
2017-02-12 00:00:00,9392533947269.82
2017-02-13 00:00:00,9522655901118.75
2017-02-14 00:00:00,9632194825209.21
2017-02-15 00:00:00,9670953372908.06
2017-02-16 00:00:00,9633921231401.25
2017-02-17 00:00:00,9813753369307.18
2017-02-18 00:00:00,9910632573279.63
2017-02-19 00:00:00,10076262978739
2017-02-20 00:00:00,10118135044858.4
2017-02-21 00:00:00,10346070101240
2017-02-22 00:00:00,10222183307432.9
2017-02-23 00:00:00,10250363193031.7
2017-02-24 00:00:00,10300750497952.5
2017-02-25 00:00:00,10612939587663.2
2017-02-26 00:00:00,11038763955105.9
2017-02-27 00:00:00,11078623264907.1
2017-02-28 00:00:00,11579003227418.8
2017-03-01 00:00:00,11192778816831.4
2017-03-02 00:00:00,11370841358480.8
2017-03-03 00:00:00,11790130545656.3
2017-03-04 00:00:00,11641557927747.5
2017-03-05 00:00:00,12169536312718.1
2017-03-06 00:00:00,12201281755909.5
2017-03-07 00:00:00,12126214131965.1
2017-03-08 00:00:00,12565722668664.9
2017-03-09 00:00:00,12593048536828.2
2017-03-10 00:00:00,12622672673823.2
2017-03-11 00:00:00,12870787395444.8
2017-03-12 00:00:00,12911525663913
2017-03-13 00:00:00,13436176110757.5
2017-03-14 00:00:00,13253974171554.9
2017-03-15 00:00:00,13629941371841.4
2017-03-16 00:00:00,13792475423741.8
2017-03-17 00:00:00,14519820538546.7
2017-03-18 00:00:00,14696883239651.2
2017-03-19 00:00:00,13914394691332.8
2017-03-20 00:00:00,14862975859188.2
2017-03-21 00:00:00,14561766877646.2
2017-03-22 00:00:00,14911469979000.2
2017-03-23 00:00:00,15425886961444.5
2017-03-24 00:00:00,15334129933485.6
2017-03-25 00:00:00,15438555150946.3
2017-03-26 00:00:00,16222645176265.5
2017-03-27 00:00:00,16892212352617
2017-03-28 00:00:00,16458794418226.8
2017-03-29 00:00:00,17141183652411.3
2017-03-30 00:00:00,17183397785954
2017-03-31 00:00:00,17642576203343.7
2017-04-01 00:00:00,17341834914854.9
2017-04-02 00:00:00,17320601567506.6
2017-04-03 00:00:00,16563173217425.3
2017-04-04 00:00:00,17592069988087.8
2017-04-05 00:00:00,18094393499611
2017-04-06 00:00:00,17966797013806.9
2017-04-07 00:00:00,18252581031231.2
2017-04-08 00:00:00,18343845646431.4
2017-04-09 00:00:00,18006639650478.2
2017-04-10 00:00:00,18072135432280.5
2017-04-11 00:00:00,18670212999138.2
2017-04-12 00:00:00,18558538230555.2
2017-04-13 00:00:00,18202235778269.6
2017-04-14 00:00:00,19836962402148.5
2017-04-15 00:00:00,19258952698128.3
2017-04-16 00:00:00,19594368968028.7
2017-04-17 00:00:00,19889026965111.1
2017-04-18 00:00:00,20298692148239.2
2017-04-19 00:00:00,20079153889144.5
2017-04-20 00:00:00,20288754675159.8
2017-04-21 00:00:00,20804783410411.8
2017-04-22 00:00:00,20900639480555.8
2017-04-23 00:00:00,21389227083453.7
2017-04-24 00:00:00,20668784361414.9
2017-04-25 00:00:00,21580963790186.5
2017-04-26 00:00:00,21293433595604.9
2017-04-27 00:00:00,21615736970064.4
2017-04-28 00:00:00,22953067545660.8
2017-04-29 00:00:00,23466987418260.8
2017-04-30 00:00:00,22938986695268.6
2017-05-01 00:00:00,23204421241331.9
2017-05-02 00:00:00,23246153355564.8
2017-05-03 00:00:00,23613726543062.4
2017-05-04 00:00:00,23268341687477.5
2017-05-05 00:00:00,24464896023966.8
2017-05-06 00:00:00,24414531910224.1
2017-05-07 00:00:00,24861102254736.6
2017-05-08 00:00:00,24481903267425.7
2017-05-09 00:00:00,25605313998653
2017-05-10 00:00:00,25350224219781.8
2017-05-11 00:00:00,25795186438819
2017-05-12 00:00:00,26695341935412
2017-05-13 00:00:00,26051389681105.2
2017-05-14 00:00:00,26883364411734.2
2017-05-15 00:00:00,27814805765593.6
2017-05-16 00:00:00,28229905680238.7
2017-05-17 00:00:00,26763741801486.5
2017-05-18 00:00:00,27739997833514.8
2017-05-19 00:00:00,28818324304259.8
2017-05-20 00:00:00,29607032640269
2017-05-21 00:00:00,30499285609706.3
2017-05-22 00:00:00,31381775201642.7
2017-05-23 00:00:00,30235255599301.3
2017-05-24 00:00:00,30980176158629.4
2017-05-25 00:00:00,31136245767635.8
2017-05-26 00:00:00,31203740130239.4
2017-05-27 00:00:00,32146815826108.9
2017-05-28 00:00:00,31939185482569.7
2017-05-29 00:00:00,34018541222590.1
2017-05-30 00:00:00,36264049064390.4
2017-05-31 00:00:00,35306634737651.1
2017-06-01 00:00:00,37248785117660.5
2017-06-02 00:00:00,36295190932520.3
2017-06-03 00:00:00,37395663236244.6
2017-06-04 00:00:00,38371754243152.1
2017-06-05 00:00:00,39291444274001.5
2017-06-06 00:00:00,39828834039851.7
2017-06-07 00:00:00,41467730532517.5
2017-06-08 00:00:00,41829684498879.2
2017-06-09 00:00:00,41760674161063.7
2017-06-10 00:00:00,43939891193462.8
2017-06-11 00:00:00,45025182578529.9
2017-06-12 00:00:00,44968294068818.7
2017-06-13 00:00:00,46522075087970.5
2017-06-14 00:00:00,47651607769747.4
2017-06-15 00:00:00,48521860791530.9
2017-06-16 00:00:00,49363897981452.3
2017-06-17 00:00:00,50985969882110.1
2017-06-18 00:00:00,51995669793453.5
2017-06-19 00:00:00,52570822426349.6
2017-06-20 00:00:00,53614719103982.6
2017-06-21 00:00:00,54098240797200.3
2017-06-22 00:00:00,54738964742491.2
2017-06-23 00:00:00,54336704373890.1
2017-06-24 00:00:00,55693605003757.1
2017-06-25 00:00:00,56393524710369.4
2017-06-26 00:00:00,58417112349131.7
2017-06-27 00:00:00,58320978141848
2017-06-28 00:00:00,59938051087499.8
2017-06-29 00:00:00,61540789098593.1
2017-06-30 00:00:00,61649495641449.5
2017-07-01 00:00:00,62565703649500.2
2017-07-02 00:00:00,63099816232763
2017-07-03 00:00:00,65002338599111.3
2017-07-04 00:00:00,66564360885703.6
2017-07-05 00:00:00,64819978567357.5
2017-07-06 00:00:00,65974487088450.4
2017-07-07 00:00:00,67077555537397.8
2017-07-08 00:00:00,67475713453228.1
2017-07-09 00:00:00,68043932032263
2017-07-10 00:00:00,69105357448269.1
2017-07-11 00:00:00,68636544301587.2
2017-07-12 00:00:00,66934754201803.1
2017-07-13 00:00:00,67570452633877.9
2017-07-14 00:00:00,66157611392631
2017-07-15 00:00:00,68604712664505.4
2017-07-16 00:00:00,70214316465202.2
2017-07-17 00:00:00,66699855238818.7
2017-07-18 00:00:00,68405207369199.9
2017-07-19 00:00:00,71176220538012.2
2017-07-20 00:00:00,73427793198749.4
2017-07-21 00:00:00,73177456447550.3
2017-07-22 00:00:00,72969298228548.7
2017-07-23 00:00:00,75690247408161.6
2017-07-24 00:00:00,73613003654415
2017-07-25 00:00:00,77163027212657.5
2017-07-26 00:00:00,76844126914344.6
2017-07-27 00:00:00,75605726052384.1
2017-07-28 00:00:00,77536893123692.4
2017-07-29 00:00:00,76587712193574.5
2017-07-30 00:00:00,79036254012639.1
2017-07-31 00:00:00,80870476773080.5
2017-08-01 00:00:00,80827530505398.5
2017-08-02 00:00:00,79669656055409.4
2017-08-03 00:00:00,76678415380718.6
2017-08-04 00:00:00,79753467651342.7
2017-08-05 00:00:00,78969008598029.4
2017-08-06 00:00:00,80016730186190.2
2017-08-07 00:00:00,82340643487617.3
2017-08-08 00:00:00,83297114037168.6
2017-08-09 00:00:00,84948343528035.9
2017-08-10 00:00:00,83420854767183.2
2017-08-11 00:00:00,84612950571943.9
2017-08-12 00:00:00,87290695848031.3
2017-08-13 00:00:00,87635589348478.2
2017-08-14 00:00:00,89581393516322.8
2017-08-15 00:00:00,90836494873348.4
2017-08-16 00:00:00,91248373026760.8
2017-08-17 00:00:00,92535537740724.9
2017-08-18 00:00:00,91773692624084.4
2017-08-19 00:00:00,95424273700766
2017-08-20 00:00:00,93274287176700.6
2017-08-21 00:00:00,95757569588098.7
2017-08-22 00:00:00,95960991442831.3
2017-08-23 00:00:00,98272645366046.4
2017-08-24 00:00:00,97233837607220.1
2017-08-25 00:00:00,95298874686829.3
2017-08-26 00:00:00,95967825974358.9
2017-08-27 00:00:00,95482570176750.2
2017-08-28 00:00:00,92567335390140.3
2017-08-29 00:00:00,99220957951684.6
2017-08-30 00:00:00,99669559523406.6
2017-08-31 00:00:00,97947765322725.4
2017-09-01 00:00:00,98965237441495.1
2017-09-02 00:00:00,98874661449838.1
2017-09-03 00:00:00,98437959907365.9
2017-09-04 00:00:00,99992590644827.5
2017-09-05 00:00:00,100464519186486
2017-09-06 00:00:00,99585601607869.8
2017-09-07 00:00:00,101756550594395
2017-09-08 00:00:00,106716493491663
2017-09-09 00:00:00,104056581125797
2017-09-10 00:00:00,102477841305416
2017-09-11 00:00:00,102497581167686
2017-09-12 00:00:00,108066800064063
2017-09-13 00:00:00,103543309652420
2017-09-14 00:00:00,105591558195864
2017-09-15 00:00:00,109237978425242
2017-09-16 00:00:00,107171646891024
2017-09-17 00:00:00,108032157089498
2017-09-18 00:00:00,105807740827189
2017-09-19 00:00:00,108633939983638
2017-09-20 00:00:00,107416384860157
2017-09-21 00:00:00,109365187550277
2017-09-22 00:00:00,108396930569384
2017-09-23 00:00:00,103937808485237
2017-09-24 00:00:00,106726599394789
2017-09-25 00:00:00,101537180383959
2017-09-26 00:00:00,102984514223515
2017-09-27 00:00:00,105665834360471
2017-09-28 00:00:00,101864865062530
2017-09-29 00:00:00,97743120327242.2
2017-09-30 00:00:00,97248907770733.3
2017-10-01 00:00:00,101854408028006
2017-10-02 00:00:00,101478644261269
2017-10-03 00:00:00,101325580986484
2017-10-04 00:00:00,104308340802836
2017-10-05 00:00:00,107719603821866
2017-10-06 00:00:00,102810717472318
2017-10-07 00:00:00,100659958931259
2017-10-08 00:00:00,104056142578229
2017-10-09 00:00:00,104683502185760
2017-10-10 00:00:00,106104971219039
2017-10-11 00:00:00,109280939672995
2017-10-12 00:00:00,105445572727643
2017-10-13 00:00:00,110089657316206
2017-10-14 00:00:00,105103065907432
2017-10-15 00:00:00,108597951486660
2017-10-16 00:00:00,111731904578691
2017-10-17 00:00:00,114459112505685
2017-10-18 00:00:00,113759231248420
2017-10-19 00:00:00,117989667731756
2017-10-20 00:00:00,117238821150854
2017-10-21 00:00:00,116668819600265
2017-10-22 00:00:00,118895505369486
2017-10-23 00:00:00,117747115284925
2017-10-24 00:00:00,121641692178941
2017-10-25 00:00:00,118673607964515
2017-10-26 00:00:00,114773222741107
2017-10-27 00:00:00,117067276478697
2017-10-28 00:00:00,118647322644487
2017-10-29 00:00:00,117070039625896
2017-10-30 00:00:00,115197633125287
2017-10-31 00:00:00,119302138055177
2017-11-01 00:00:00,120455354895326
2017-11-02 00:00:00,115772287216486
2017-11-03 00:00:00,113700606362275
2017-11-04 00:00:00,111943269817366
2017-11-05 00:00:00,117056719309308
2017-11-06 00:00:00,114585660284744
2017-11-07 00:00:00,113913683475884
2017-11-08 00:00:00,116125614803751
2017-11-09 00:00:00,114115178304719
2017-11-10 00:00:00,115763909074259
2017-11-11 00:00:00,115717580582963
2017-11-12 00:00:00,118255012784576
2017-11-13 00:00:00,117460009362608
2017-11-14 00:00:00,114720045808620
2017-11-15 00:00:00,115361585908265
2017-11-16 00:00:00,111674481405849
2017-11-17 00:00:00,112607951497858
2017-11-18 00:00:00,111518292601011
2017-11-19 00:00:00,112978516905888
2017-11-20 00:00:00,120194442743430
2017-11-21 00:00:00,118772015929327
2017-11-22 00:00:00,118388702119583
2017-11-23 00:00:00,122149426220031
2017-11-24 00:00:00,124825505821857
2017-11-25 00:00:00,125337421923529
2017-11-26 00:00:00,125155284202075
2017-11-27 00:00:00,123422418656399
2017-11-28 00:00:00,121376286665417
2017-11-29 00:00:00,123410568062090
2017-11-30 00:00:00,124818010753225
2017-12-01 00:00:00,125497470346093
2017-12-02 00:00:00,125605486490464
2017-12-03 00:00:00,121857522474163
2017-12-04 00:00:00,125825796807860
2017-12-05 00:00:00,123387768079189
2017-12-06 00:00:00,123624583969101
2017-12-07 00:00:00,125412542601108
2017-12-08 00:00:00,127551997548141
2017-12-09 00:00:00,128543449358558
2017-12-10 00:00:00,126799914126052
2017-12-11 00:00:00,128409312123556
2017-12-12 00:00:00,129143316969940
2017-12-13 00:00:00,134241370334264
2017-12-14 00:00:00,137823000273951
2017-12-15 00:00:00,143905050559296
2017-12-16 00:00:00,142155208683140
2017-12-17 00:00:00,143184276760321
2017-12-18 00:00:00,147537447315629
2017-12-19 00:00:00,144902381021323
2017-12-20 00:00:00,144018430166228
2017-12-21 00:00:00,144101295882398
2017-12-22 00:00:00,143540430960350
2017-12-23 00:00:00,149685549867082
2017-12-24 00:00:00,149002547584046
2017-12-25 00:00:00,150793345681348
2017-12-26 00:00:00,151609330605661
2017-12-27 00:00:00,152680538240253
2017-12-28 00:00:00,156785408922844
2017-12-29 00:00:00,153753144985568
2017-12-30 00:00:00,154852397222684
2017-12-31 00:00:00,157158257940707
2018-01-01 00:00:00,159603177257770
2018-01-02 00:00:00,159271751595939
2018-01-03 00:00:00,159003277939570
2018-01-04 00:00:00,162659059588261
2018-01-05 00:00:00,166847659872276
2018-01-06 00:00:00,163382112678070
2018-01-07 00:00:00,169192413436391
2018-01-08 00:00:00,169244991382652
2018-01-09 00:00:00,171313311047651
2018-01-10 00:00:00,174761946185361
2018-01-11 00:00:00,179972415156599
2018-01-12 00:00:00,180786758961002
2018-01-13 00:00:00,181494941324747
2018-01-14 00:00:00,185843023517461
2018-01-15 00:00:00,181940893609998
2018-01-16 00:00:00,187440005412479
2018-01-17 00:00:00,191230836873225
2018-01-18 00:00:00,189752929074888
2018-01-19 00:00:00,189092097892190
2018-01-20 00:00:00,196850251225637
2018-01-21 00:00:00,192869908852699
2018-01-22 00:00:00,197240411165368
2018-01-23 00:00:00,196701279913323
2018-01-24 00:00:00,201852061186898
2018-01-25 00:00:00,203633450816362
2018-01-26 00:00:00,203670332503258
2018-01-27 00:00:00,202235278058218
2018-01-28 00:00:00,204792377634459
2018-01-29 00:00:00,212962921171344
2018-01-30 00:00:00,210634344369914
2018-01-31 00:00:00,216063873158441
2018-02-01 00:00:00,221345110424756
2018-02-02 00:00:00,224647210507972
2018-02-03 00:00:00,223994180118119
2018-02-04 00:00:00,223706972770319
2018-02-05 00:00:00,229478421604306
2018-02-06 00:00:00,226773860135618
2018-02-07 00:00:00,232354077314710
2018-02-08 00:00:00,229680233009038
2018-02-09 00:00:00,229630691293985
2018-02-10 00:00:00,229649902635457
2018-02-11 00:00:00,226660097391199
2018-02-12 00:00:00,231713545056539
2018-02-13 00:00:00,235830502167110
2018-02-14 00:00:00,230128891433938
2018-02-15 00:00:00,235883562181430
2018-02-16 00:00:00,240514756599544
2018-02-17 00:00:00,238082227967925
2018-02-18 00:00:00,243014670864274
2018-02-19 00:00:00,239628368224037
2018-02-20 00:00:00,229849344601025
2018-02-21 00:00:00,239933869683797
2018-02-22 00:00:00,238282819357046
2018-02-23 00:00:00,244375551683155
2018-02-24 00:00:00,241261546449378
2018-02-25 00:00:00,247758704582663
2018-02-26 00:00:00,240655628331218
2018-02-27 00:00:00,234335304823517
2018-02-28 00:00:00,243805559184214
2018-03-01 00:00:00,244483385271796
2018-03-02 00:00:00,251161675652289
2018-03-03 00:00:00,255185881318348
2018-03-04 00:00:00,246092496071424
2018-03-05 00:00:00,247163950294576
2018-03-06 00:00:00,254167620420895
2018-03-07 00:00:00,253799530349404
2018-03-08 00:00:00,253880881668021
2018-03-09 00:00:00,251841200895778
2018-03-10 00:00:00,255305931612529
2018-03-11 00:00:00,253927099991481
2018-03-12 00:00:00,253458594088827
2018-03-13 00:00:00,250108503152650
2018-03-14 00:00:00,255855324213906
2018-03-15 00:00:00,248392892150206
2018-03-16 00:00:00,266198697154808
2018-03-17 00:00:00,261567159559769
2018-03-18 00:00:00,257823852243706
2018-03-19 00:00:00,256399492237850
2018-03-20 00:00:00,257540966404091
2018-03-21 00:00:00,259842090570048
2018-03-22 00:00:00,256376950700085
2018-03-23 00:00:00,259054584425170
2018-03-24 00:00:00,256383563385013
2018-03-25 00:00:00,255852480877211
2018-03-26 00:00:00,267008306590761
2018-03-27 00:00:00,261482103728360
2018-03-28 00:00:00,262099400881266
2018-03-29 00:00:00,253527882163325
2018-03-30 00:00:00,259944093916608
2018-03-31 00:00:00,254480517470562
2018-04-01 00:00:00,258810178971865
2018-04-02 00:00:00,253353014750618
2018-04-03 00:00:00,251585500157506
2018-04-04 00:00:00,253980494770334
2018-04-05 00:00:00,254775874821819
2018-04-06 00:00:00,263111724396841
2018-04-07 00:00:00,259573030294072
2018-04-08 00:00:00,255153064272330
2018-04-09 00:00:00,243854236634174
2018-04-10 00:00:00,251488218140063
2018-04-11 00:00:00,243427750770255
2018-04-12 00:00:00,246338459955824
2018-04-13 00:00:00,249166346734740
2018-04-14 00:00:00,251317914289615
2018-04-15 00:00:00,252801955347735
2018-04-16 00:00:00,255400133457184
2018-04-17 00:00:00,246310943270714
2018-04-18 00:00:00,242594473462723
2018-04-19 00:00:00,247839427787769
2018-04-20 00:00:00,247870494695569
2018-04-21 00:00:00,257664368647403
2018-04-22 00:00:00,248248328933472
2018-04-23 00:00:00,259279413579868
2018-04-24 00:00:00,254846524732346
2018-04-25 00:00:00,254290062776365
2018-04-26 00:00:00,261219509966981
2018-04-27 00:00:00,254635605411341
2018-04-28 00:00:00,249594037652359
2018-04-29 00:00:00,264342203212867
2018-04-30 00:00:00,260891452134095
2018-05-01 00:00:00,252728948144883
2018-05-02 00:00:00,257905522324601
2018-05-03 00:00:00,259327929786614
2018-05-04 00:00:00,264116290279281
2018-05-05 00:00:00,269783372911805
2018-05-06 00:00:00,264821256107077
2018-05-07 00:00:00,274721925826545
2018-05-08 00:00:00,267481968498398
2018-05-09 00:00:00,268645932397831
2018-05-10 00:00:00,269437301677936
2018-05-11 00:00:00,271330614799759
2018-05-12 00:00:00,278660910010762
2018-05-13 00:00:00,271241292512003
2018-05-14 00:00:00,271125535019581
2018-05-15 00:00:00,266937363751384
2018-05-16 00:00:00,267978122423156
2018-05-17 00:00:00,272326081557767
2018-05-18 00:00:00,261398969199874
2018-05-19 00:00:00,270612695975055
2018-05-20 00:00:00,268909861731912
2018-05-21 00:00:00,278310402422910
2018-05-22 00:00:00,272225219943835
2018-05-23 00:00:00,271892989473717
2018-05-24 00:00:00,262305741418525
2018-05-25 00:00:00,265260436066980
2018-05-26 00:00:00,270514836375852
2018-05-27 00:00:00,256631615221756
2018-05-28 00:00:00,268640671952845
2018-05-29 00:00:00,264764927276743
2018-05-30 00:00:00,264575651514449
2018-05-31 00:00:00,266776001084330
2018-06-01 00:00:00,256807439192832
2018-06-02 00:00:00,267987530487906
2018-06-03 00:00:00,259238330449913
2018-06-04 00:00:00,258213930298864
2018-06-05 00:00:00,264869007084713
2018-06-06 00:00:00,258271668440434
2018-06-07 00:00:00,263326029099297
2018-06-08 00:00:00,262555782532667
2018-06-09 00:00:00,276317778322399
2018-06-10 00:00:00,267929866843426
2018-06-11 00:00:00,272367423915648
2018-06-12 00:00:00,277218888536958
2018-06-13 00:00:00,267276578394697
2018-06-14 00:00:00,260924738819842
2018-06-15 00:00:00,265609577957361
2018-06-16 00:00:00,264140012101528
2018-06-17 00:00:00,265802788525678
2018-06-18 00:00:00,279679167360883
2018-06-19 00:00:00,278104020410082
2018-06-20 00:00:00,276098105693734
2018-06-21 00:00:00,280900594837858
2018-06-22 00:00:00,283526816129179
2018-06-23 00:00:00,276938250507608
2018-06-24 00:00:00,280855279161122
2018-06-25 00:00:00,277336052278870
2018-06-26 00:00:00,271368871022150
2018-06-27 00:00:00,284051037363119
2018-06-28 00:00:00,277439890235807
2018-06-29 00:00:00,276051782608248
2018-06-30 00:00:00,284959471717563
2018-07-01 00:00:00,275159318385504
2018-07-02 00:00:00,270962420102072
2018-07-03 00:00:00,277229210093326
2018-07-04 00:00:00,281998234826069
2018-07-05 00:00:00,284311977492206
2018-07-06 00:00:00,276688318344342
2018-07-07 00:00:00,288496346101481
2018-07-08 00:00:00,283856508678295
2018-07-09 00:00:00,292695943458518
2018-07-10 00:00:00,280587647913839
2018-07-11 00:00:00,275261846198195
2018-07-12 00:00:00,271665208990897
2018-07-13 00:00:00,269833530019757
2018-07-14 00:00:00,272594740065059
2018-07-15 00:00:00,275264398230707
2018-07-16 00:00:00,278666173724592
2018-07-17 00:00:00,284533552322929
2018-07-18 00:00:00,283398650974525
2018-07-19 00:00:00,271856513025138
2018-07-20 00:00:00,275605887820830
2018-07-21 00:00:00,256002684343390
2018-07-22 00:00:00,268667095632986
2018-07-23 00:00:00,282496509642484
2018-07-24 00:00:00,281421479640414
2018-07-25 00:00:00,287929999223156
2018-07-26 00:00:00,284429492575485
2018-07-27 00:00:00,277107822900565
2018-07-28 00:00:00,282973711706977
2018-07-29 00:00:00,282977350735269
2018-07-30 00:00:00,287996141272092
2018-07-31 00:00:00,284412021695689
2018-08-01 00:00:00,285562288460420
2018-08-02 00:00:00,286204460564124
2018-08-03 00:00:00,284937642168800
2018-08-04 00:00:00,286562768707545
2018-08-05 00:00:00,290375445502099
2018-08-06 00:00:00,290811701501919
2018-08-07 00:00:00,290664944953245
2018-08-08 00:00:00,288840782926163
2018-08-09 00:00:00,288535165502567
2018-08-10 00:00:00,286393123952747
2018-08-11 00:00:00,290087138559868
2018-08-12 00:00:00,281517976078106
2018-08-13 00:00:00,282228709914375
2018-08-14 00:00:00,284297566712089
2018-08-15 00:00:00,282414978695295
2018-08-16 00:00:00,271359132017004
2018-08-17 00:00:00,284267308592649
2018-08-18 00:00:00,280172050249231
2018-08-19 00:00:00,277923467001013
2018-08-20 00:00:00,280270902067895
2018-08-21 00:00:00,283938603902364
2018-08-22 00:00:00,287997630080155
2018-08-23 00:00:00,278675299868007
2018-08-24 00:00:00,281547680065672
2018-08-25 00:00:00,274988788196625
2018-08-26 00:00:00,287659996391842
2018-08-27 00:00:00,278971704858110
2018-08-28 00:00:00,277726877771909
2018-08-29 00:00:00,274208903752978
2018-08-30 00:00:00,277222204999406
2018-08-31 00:00:00,279941560168345
2018-09-01 00:00:00,273262284520520
2018-09-02 00:00:00,267965422144859
2018-09-03 00:00:00,267779654549966
2018-09-04 00:00:00,271818633734575
2018-09-05 00:00:00,273290916456287
2018-09-06 00:00:00,273736123437864
2018-09-07 00:00:00,269697441209345
2018-09-08 00:00:00,270063414231149
2018-09-09 00:00:00,257243011162962
2018-09-10 00:00:00,250408756320474
2018-09-11 00:00:00,250118346539411
2018-09-12 00:00:00,244733196120940
2018-09-13 00:00:00,243636252360036
2018-09-14 00:00:00,251530318377851
2018-09-15 00:00:00,253505045298889
2018-09-16 00:00:00,243447561744885
2018-09-17 00:00:00,245794685909927
2018-09-18 00:00:00,245826060713581
2018-09-19 00:00:00,250546239979625
2018-09-20 00:00:00,254169747544397
2018-09-21 00:00:00,250187604543636
2018-09-22 00:00:00,259380286670694
2018-09-23 00:00:00,257891813771145
2018-09-24 00:00:00,260356770057954
2018-09-25 00:00:00,259224045518211
2018-09-26 00:00:00,264578770545388
2018-09-27 00:00:00,258685562883515
2018-09-28 00:00:00,261055530410877
2018-09-29 00:00:00,256017470331124
2018-09-30 00:00:00,262289682960260
2018-10-01 00:00:00,250771595052381
2018-10-02 00:00:00,256871690622985
2018-10-03 00:00:00,249221544790719
2018-10-04 00:00:00,253939332181644
2018-10-05 00:00:00,256451695908948
2018-10-06 00:00:00,258639169640920
2018-10-07 00:00:00,260959341017138
2018-10-08 00:00:00,264390750964076
2018-10-09 00:00:00,257423150466123
2018-10-10 00:00:00,255508654732958
2018-10-11 00:00:00,257735757527370
2018-10-12 00:00:00,258070684154412
2018-10-13 00:00:00,250226260732154
2018-10-14 00:00:00,255055583236269
2018-10-15 00:00:00,253794691826331
2018-10-16 00:00:00,251810894651811
2018-10-17 00:00:00,249547896461199
2018-10-18 00:00:00,253155684588338
2018-10-19 00:00:00,256212173764272
2018-10-20 00:00:00,250433876293747
2018-10-21 00:00:00,247797570870168
2018-10-22 00:00:00,246459751971045
2018-10-23 00:00:00,247984858215028
2018-10-24 00:00:00,248291501541003
2018-10-25 00:00:00,239582067919829
2018-10-26 00:00:00,239314875056981
2018-10-27 00:00:00,244487927374027
2018-10-28 00:00:00,243247180521914
2018-10-29 00:00:00,239925655455790
2018-10-30 00:00:00,236049922484375
2018-10-31 00:00:00,248693094990968
2018-11-01 00:00:00,242601396746830
2018-11-02 00:00:00,232234937378680
2018-11-03 00:00:00,233686194436351
2018-11-04 00:00:00,241020673846482
2018-11-05 00:00:00,236748281812314
2018-11-06 00:00:00,238759543269020
2018-11-07 00:00:00,231398134354714
2018-11-08 00:00:00,240978837736012
2018-11-09 00:00:00,234648180664482
2018-11-10 00:00:00,239355340146373
2018-11-11 00:00:00,241547582742974
2018-11-12 00:00:00,236169845182359
2018-11-13 00:00:00,239030496064159
2018-11-14 00:00:00,241245325845464
2018-11-15 00:00:00,241099065300190
2018-11-16 00:00:00,242645326582350
2018-11-17 00:00:00,228109155935650
2018-11-18 00:00:00,234261751063688
2018-11-19 00:00:00,231458694724746
2018-11-20 00:00:00,226769391167188
2018-11-21 00:00:00,219314194438781
2018-11-22 00:00:00,213252071445308
2018-11-23 00:00:00,217751340635533
2018-11-24 00:00:00,211235355036741
2018-11-25 00:00:00,209105611385725
2018-11-26 00:00:00,206324983690515
2018-11-27 00:00:00,191012949143154
2018-11-28 00:00:00,186167901427751
2018-11-29 00:00:00,190161176028130
2018-11-30 00:00:00,188817210635868
2018-12-01 00:00:00,189575715207713
2018-12-02 00:00:00,184041319290450
2018-12-03 00:00:00,184237032311853
2018-12-04 00:00:00,181174782831904
2018-12-05 00:00:00,160317928272527
2018-12-06 00:00:00,185664800866297
2018-12-07 00:00:00,177304684172986
2018-12-08 00:00:00,174769182693359
2018-12-09 00:00:00,171540198408856
2018-12-10 00:00:00,178573106710097
2018-12-11 00:00:00,174769763514404
2018-12-12 00:00:00,170368375914887
2018-12-13 00:00:00,170024779293075
2018-12-14 00:00:00,167696060388633
2018-12-15 00:00:00,167890817380013
2018-12-16 00:00:00,166537454796631
2018-12-17 00:00:00,161829301163996
2018-12-18 00:00:00,163200526142878
2018-12-19 00:00:00,162226516785846
2018-12-20 00:00:00,162007531600675
2018-12-21 00:00:00,165107533873899
2018-12-22 00:00:00,165172660958352
2018-12-23 00:00:00,166656818070329
2018-12-24 00:00:00,173786056173168
2018-12-25 00:00:00,182156966643610
2018-12-26 00:00:00,184757677278959
2018-12-27 00:00:00,178569596530877
2018-12-28 00:00:00,177839630645734
2018-12-29 00:00:00,174362470494101
2018-12-30 00:00:00,179111398221417
2018-12-31 00:00:00,181630352706687
2019-01-01 00:00:00,167867872641793
2019-01-02 00:00:00,174265932648857
2019-01-03 00:00:00,177405080527806
2019-01-04 00:00:00,179702412551889
2019-01-05 00:00:00,183703432831350
2019-01-06 00:00:00,185289443565619
2019-01-07 00:00:00,186843351509252
2019-01-08 00:00:00,179030559137069
2019-01-09 00:00:00,184658470154201
2019-01-10 00:00:00,181909649817980
2019-01-11 00:00:00,183403493248988
2019-01-12 00:00:00,179388002530525
2019-01-13 00:00:00,181297265423028
2019-01-14 00:00:00,184693990595694
2019-01-15 00:00:00,182637614291184
2019-01-16 00:00:00,176747267082886
2019-01-17 00:00:00,176140211284059
2019-01-18 00:00:00,176751542415794
2019-01-19 00:00:00,177049196171997
2019-01-20 00:00:00,179086325551428
2019-01-21 00:00:00,173453297053977
2019-01-22 00:00:00,179008624604142
2019-01-23 00:00:00,163832085151215
2019-01-24 00:00:00,173420556871323
2019-01-25 00:00:00,174422918615018
2019-01-26 00:00:00,170319267926664
2019-01-27 00:00:00,163089479896973
2019-01-28 00:00:00,151781294813007
2019-01-29 00:00:00,144380144362055
2019-01-30 00:00:00,144947445251565
2019-01-31 00:00:00,145194121215042
2019-02-01 00:00:00,139310078840840
2019-02-02 00:00:00,139957628212342
2019-02-03 00:00:00,136924861216671
2019-02-04 00:00:00,136076651154295
2019-02-05 00:00:00,137586506103763
2019-02-06 00:00:00,136422329096952
2019-02-07 00:00:00,134788887947427
2019-02-08 00:00:00,141173525666920
2019-02-09 00:00:00,140285079815216
2019-02-10 00:00:00,139699884069850
2019-02-11 00:00:00,136267594164816
2019-02-12 00:00:00,141914409795353
2019-02-13 00:00:00,138433694439669
2019-02-14 00:00:00,136727928086889
2019-02-15 00:00:00,139595716783644
2019-02-16 00:00:00,139898983853360
2019-02-17 00:00:00,138299295611017
2019-02-18 00:00:00,143475410494346
2019-02-19 00:00:00,150677482410350
2019-02-20 00:00:00,149984781938653
2019-02-21 00:00:00,150218050446667
2019-02-22 00:00:00,149614320917539
2019-02-23 00:00:00,153140165266997
2019-02-24 00:00:00,151868267864652
2019-02-25 00:00:00,149938265933367
2019-02-26 00:00:00,152878958574268
2019-02-27 00:00:00,153137363043451
2019-02-28 00:00:00,155409240832589
2019-03-01 00:00:00,151706801479949
2019-03-02 00:00:00,152438268922146
2019-03-03 00:00:00,148379386512280
2019-03-04 00:00:00,147891999454370
2019-03-05 00:00:00,150487722381707
2019-03-06 00:00:00,150158763407692
2019-03-07 00:00:00,149677831401628
2019-03-08 00:00:00,151827585622629
2019-03-09 00:00:00,148018990625335
2019-03-10 00:00:00,147490849598619
2019-03-11 00:00:00,145455680986061
2019-03-12 00:00:00,146058139728599
2019-03-13 00:00:00,143366358538704
2019-03-14 00:00:00,145336565014603
2019-03-15 00:00:00,145878753688745
2019-03-16 00:00:00,152607609832250
2019-03-17 00:00:00,144667310948886
2019-03-18 00:00:00,144295512431230
2019-03-19 00:00:00,140386220224505
2019-03-20 00:00:00,146807285950765
2019-03-21 00:00:00,146078512976783
2019-03-22 00:00:00,146414204806408
2019-03-23 00:00:00,142871061215618
2019-03-24 00:00:00,143338581891212
2019-03-25 00:00:00,144471204321046
2019-03-26 00:00:00,140435476714810
2019-03-27 00:00:00,140147936613874
2019-03-28 00:00:00,140376796232780
2019-03-29 00:00:00,136806637787053
2019-03-30 00:00:00,132694147254431
2019-03-31 00:00:00,135173306159753
2019-04-01 00:00:00,143332609733895
2019-04-02 00:00:00,142094535890064
2019-04-03 00:00:00,141383356584549
2019-04-04 00:00:00,146530533754826
2019-04-05 00:00:00,139430995027668
2019-04-06 00:00:00,142576232155018
2019-04-07 00:00:00,142457092499101
2019-04-08 00:00:00,143841656528815
2019-04-09 00:00:00,144141501008356
2019-04-10 00:00:00,147385064333778
2019-04-11 00:00:00,148250401555087
2019-04-12 00:00:00,148104837433982
2019-04-13 00:00:00,151680872854099
2019-04-14 00:00:00,152460485234775
2019-04-15 00:00:00,154275035762345
2019-04-16 00:00:00,147852711397449
2019-04-17 00:00:00,145410088716173
2019-04-18 00:00:00,140311082052997
2019-04-19 00:00:00,146635618830803
2019-04-20 00:00:00,146071314520795
2019-04-21 00:00:00,148185449111374
2019-04-22 00:00:00,151308350171975
2019-04-23 00:00:00,150026845982274
2019-04-24 00:00:00,145474305720915
2019-04-25 00:00:00,147048110890495
2019-04-26 00:00:00,147876432536584
2019-04-27 00:00:00,146009252740703
2019-04-28 00:00:00,145551548499767
2019-04-29 00:00:00,148472773606810
2019-04-30 00:00:00,150945053587592
2019-05-01 00:00:00,151854805580001
2019-05-02 00:00:00,151356281000954
2019-05-03 00:00:00,149704730009990
2019-05-04 00:00:00,151544973367826
2019-05-05 00:00:00,154009387199798
2019-05-06 00:00:00,148512430254465
2019-05-07 00:00:00,152376315593843
2019-05-08 00:00:00,152778563364176
2019-05-09 00:00:00,153256760093703
2019-05-10 00:00:00,154750716321758
2019-05-11 00:00:00,150773588978368
2019-05-12 00:00:00,155481828393449
2019-05-13 00:00:00,153930688881687
2019-05-14 00:00:00,160046133034645
2019-05-15 00:00:00,162158997087617
2019-05-16 00:00:00,155977230468460
2019-05-17 00:00:00,167053094979490
2019-05-18 00:00:00,168591539842808
2019-05-19 00:00:00,166098296629665
2019-05-20 00:00:00,164445802539104
2019-05-21 00:00:00,162955789624901
2019-05-22 00:00:00,161086394042919
2019-05-23 00:00:00,161905448522212
2019-05-24 00:00:00,156247885150153
2019-05-25 00:00:00,160277950726135
2019-05-26 00:00:00,160754079826692
2019-05-27 00:00:00,165821441567928
2019-05-28 00:00:00,160369815467037
2019-05-29 00:00:00,171255277267430
2019-05-30 00:00:00,164762400439577
2019-05-31 00:00:00,166305769869233
2019-06-01 00:00:00,168206871837285
2019-06-02 00:00:00,170376303070376
2019-06-03 00:00:00,152235062180837
2019-06-04 00:00:00,161203455012503
2019-06-05 00:00:00,159222094502415
2019-06-06 00:00:00,166046835129935
2019-06-07 00:00:00,167474723469524
2019-06-08 00:00:00,159463454287894
2019-06-09 00:00:00,156889420501718
2019-06-10 00:00:00,163085668692047
2019-06-11 00:00:00,157689049772963
2019-06-12 00:00:00,159329401723328
2019-06-13 00:00:00,155077048165581
2019-06-14 00:00:00,153997216278405
2019-06-15 00:00:00,137478503879891
2019-06-16 00:00:00,155466939682689
2019-06-17 00:00:00,161084682404195
2019-06-18 00:00:00,150696972276630
2019-06-19 00:00:00,157372387578560
2019-06-20 00:00:00,156466015062376
2019-06-21 00:00:00,153992846746128
2019-06-22 00:00:00,155391387216783
2019-06-23 00:00:00,158675351117071
2019-06-24 00:00:00,161208209960090
2019-06-25 00:00:00,162365242553593
2019-06-26 00:00:00,168303696445090
2019-06-27 00:00:00,168095698975258
2019-06-28 00:00:00,167590336861453
2019-06-29 00:00:00,172179605724675
2019-06-30 00:00:00,172113338673204
2019-07-01 00:00:00,171049043579735
2019-07-02 00:00:00,171992617129253
2019-07-03 00:00:00,163351992910309
2019-07-04 00:00:00,162926320588912
2019-07-05 00:00:00,167114530125781
2019-07-06 00:00:00,172076379940959
2019-07-07 00:00:00,169179509362008
2019-07-08 00:00:00,165629470836438
2019-07-09 00:00:00,166991442881160
2019-07-10 00:00:00,169057172439602
2019-07-11 00:00:00,177616917682050
2019-07-12 00:00:00,177800833699139
2019-07-13 00:00:00,176237754768725
2019-07-14 00:00:00,181417015469986
2019-07-15 00:00:00,178224202562432
2019-07-16 00:00:00,170143722849206
2019-07-17 00:00:00,178158303144419
2019-07-18 00:00:00,175549229574476
2019-07-19 00:00:00,169825240547436
2019-07-20 00:00:00,175072155245630
2019-07-21 00:00:00,168630619098450
2019-07-22 00:00:00,168985975903036
2019-07-23 00:00:00,169780153392374
2019-07-24 00:00:00,169957266363193
2019-07-25 00:00:00,169318346442996
2019-07-26 00:00:00,171956692794352
2019-07-27 00:00:00,176250502085029
2019-07-28 00:00:00,171240431871771
2019-07-29 00:00:00,171435486110697
2019-07-30 00:00:00,174430567810817
2019-07-31 00:00:00,171295327821801
2019-08-01 00:00:00,170250580811365
2019-08-02 00:00:00,174408899955473
2019-08-03 00:00:00,172063473818309
2019-08-04 00:00:00,177576612067368
2019-08-05 00:00:00,178704731604793
2019-08-06 00:00:00,181423750978883
2019-08-07 00:00:00,181288589341002
2019-08-08 00:00:00,182360285053022
2019-08-09 00:00:00,180373750409952
2019-08-10 00:00:00,176862564195539
2019-08-11 00:00:00,175305918671828
2019-08-12 00:00:00,179723171112355
2019-08-13 00:00:00,180748822181822
2019-08-14 00:00:00,179856248390177
2019-08-15 00:00:00,182029775462440
2019-08-16 00:00:00,173799819626682
2019-08-17 00:00:00,178798691770931
2019-08-18 00:00:00,174711215935789
2019-08-19 00:00:00,176056639160411
2019-08-20 00:00:00,176039008730941
2019-08-21 00:00:00,176323318606660
2019-08-22 00:00:00,167918445723481
2019-08-23 00:00:00,170900038241748
2019-08-24 00:00:00,170974793755705
2019-08-25 00:00:00,170503567045399
2019-08-26 00:00:00,171959870006227
2019-08-27 00:00:00,166397425303802
2019-08-28 00:00:00,170748543654493
2019-08-29 00:00:00,170365238510799
2019-08-30 00:00:00,174244045503803
2019-08-31 00:00:00,176097573921184
2019-09-01 00:00:00,173547792577269
2019-09-02 00:00:00,175966602473663
2019-09-03 00:00:00,177201770684899
2019-09-04 00:00:00,166148392724215
2019-09-05 00:00:00,175710173596966
2019-09-06 00:00:00,167878390920035
2019-09-07 00:00:00,178561849491144
2019-09-08 00:00:00,176602748646029
2019-09-09 00:00:00,172931304966004
2019-09-10 00:00:00,176762036241364
2019-09-11 00:00:00,176412217091658
2019-09-12 00:00:00,183898943112447
2019-09-13 00:00:00,177104797775189
2019-09-14 00:00:00,181538216776827
2019-09-15 00:00:00,181724996470803
2019-09-16 00:00:00,186289761045065
2019-09-17 00:00:00,187206459838458
2019-09-18 00:00:00,194288916400404
2019-09-19 00:00:00,184201750478874
2019-09-20 00:00:00,191765105774103
2019-09-21 00:00:00,197316223204455
2019-09-22 00:00:00,190212127929441
2019-09-23 00:00:00,190871800382861
2019-09-24 00:00:00,185937904704703
2019-09-25 00:00:00,191636600424317
2019-09-26 00:00:00,194015446845001
2019-09-27 00:00:00,122764242267561
2019-09-28 00:00:00,194608682806705
2019-09-29 00:00:00,193731655447735
2019-09-30 00:00:00,191419634891105
2019-10-01 00:00:00,190694723485355
2019-10-02 00:00:00,186047891299584
2019-10-03 00:00:00,180873048037493
2019-10-04 00:00:00,185031466825885
2019-10-05 00:00:00,185092720322684
2019-10-06 00:00:00,187486848944405
2019-10-07 00:00:00,185814750555318
2019-10-08 00:00:00,182275660093748
2019-10-09 00:00:00,180115136504093
2019-10-10 00:00:00,184744580304296
2019-10-11 00:00:00,190648113858452
2019-10-12 00:00:00,181041732235963
2019-10-13 00:00:00,191097577597313
2019-10-14 00:00:00,187328581858910
2019-10-15 00:00:00,197245434847359
2019-10-16 00:00:00,191559106397591
2019-10-17 00:00:00,188472305694047
2019-10-18 00:00:00,178279834799667
2019-10-19 00:00:00,187558207608326
2019-10-20 00:00:00,191094892051157
2019-10-21 00:00:00,183955953605603
2019-10-22 00:00:00,183709682733284
2019-10-23 00:00:00,190131016487795
2019-10-24 00:00:00,183890030199336
2019-10-25 00:00:00,180310208169200
2019-10-26 00:00:00,183984520160409
2019-10-27 00:00:00,178844996930024
2019-10-28 00:00:00,184110522699380
2019-10-29 00:00:00,183851797516585
2019-10-30 00:00:00,182130058537948
2019-10-31 00:00:00,184651214168053
2019-11-01 00:00:00,189214139610275
2019-11-02 00:00:00,186479927198400
2019-11-03 00:00:00,184120559598364
2019-11-04 00:00:00,181035690726682
2019-11-05 00:00:00,183096714186869
2019-11-06 00:00:00,184826408711045
2019-11-07 00:00:00,185237397358448
2019-11-08 00:00:00,184104637351112
2019-11-09 00:00:00,182437568862566
2019-11-10 00:00:00,182244876050919
2019-11-11 00:00:00,179352721772618
2019-11-12 00:00:00,183381374685793
2019-11-13 00:00:00,185738618767439
2019-11-14 00:00:00,180945002087498
2019-11-15 00:00:00,165165080288969
2019-11-16 00:00:00,177193807252396
2019-11-17 00:00:00,178140145397270
2019-11-18 00:00:00,185233977922520
2019-11-19 00:00:00,174983158769387
2019-11-20 00:00:00,172230399039944
2019-11-21 00:00:00,180911115058218
2019-11-22 00:00:00,175592628242278
2019-11-23 00:00:00,103959120019679
2019-11-24 00:00:00,178707222347234
2019-11-25 00:00:00,183253886207914
2019-11-26 00:00:00,167125156225239
2019-11-27 00:00:00,172666159152170
2019-11-28 00:00:00,172237731575274
