DateTime,Transactions
2015-08-07 00:00:00,2050
2015-08-08 00:00:00,2881
2015-08-09 00:00:00,1329
2015-08-10 00:00:00,2037
2015-08-11 00:00:00,4963
2015-08-12 00:00:00,2036
2015-08-13 00:00:00,2842
2015-08-14 00:00:00,3174
2015-08-15 00:00:00,2284
2015-08-16 00:00:00,2440
2015-08-17 00:00:00,2512
2015-08-18 00:00:00,2494
2015-08-19 00:00:00,3246
2015-08-20 00:00:00,2303
2015-08-21 00:00:00,3919
2015-08-22 00:00:00,3579
2015-08-23 00:00:00,4190
2015-08-24 00:00:00,4432
2015-08-25 00:00:00,4487
2015-08-26 00:00:00,4156
2015-08-27 00:00:00,5590
2015-08-28 00:00:00,4758
2015-08-29 00:00:00,4139
2015-08-30 00:00:00,4572
2015-08-31 00:00:00,5196
2015-09-01 00:00:00,5153
2015-09-02 00:00:00,5195
2015-09-03 00:00:00,4777
2015-09-04 00:00:00,5642
2015-09-05 00:00:00,5519
2015-09-06 00:00:00,5521
2015-09-07 00:00:00,5702
2015-09-08 00:00:00,5622
2015-09-09 00:00:00,5604
2015-09-10 00:00:00,5341
2015-09-11 00:00:00,6460
2015-09-12 00:00:00,5596
2015-09-13 00:00:00,6057
2015-09-14 00:00:00,5572
2015-09-15 00:00:00,5409
2015-09-16 00:00:00,5872
2015-09-17 00:00:00,5368
2015-09-18 00:00:00,5802
2015-09-19 00:00:00,5205
2015-09-20 00:00:00,6402
2015-09-21 00:00:00,6305
2015-09-22 00:00:00,6804
2015-09-23 00:00:00,7404
2015-09-24 00:00:00,6224
2015-09-25 00:00:00,5851
2015-09-26 00:00:00,5907
2015-09-27 00:00:00,5760
2015-09-28 00:00:00,6123
2015-09-29 00:00:00,5738
2015-09-30 00:00:00,5870
2015-10-01 00:00:00,6421
2015-10-02 00:00:00,6063
2015-10-03 00:00:00,6112
2015-10-04 00:00:00,6624
2015-10-05 00:00:00,6279
2015-10-06 00:00:00,6458
2015-10-07 00:00:00,7121
2015-10-08 00:00:00,6926
2015-10-09 00:00:00,6763
2015-10-10 00:00:00,6529
2015-10-11 00:00:00,6023
2015-10-12 00:00:00,6593
2015-10-13 00:00:00,6818
2015-10-14 00:00:00,6830
2015-10-15 00:00:00,6499
2015-10-16 00:00:00,6795
2015-10-17 00:00:00,6567
2015-10-18 00:00:00,6481
2015-10-19 00:00:00,6604
2015-10-20 00:00:00,5897
2015-10-21 00:00:00,6182
2015-10-22 00:00:00,5979
2015-10-23 00:00:00,6888
2015-10-24 00:00:00,6361
2015-10-25 00:00:00,5830
2015-10-26 00:00:00,5938
2015-10-27 00:00:00,6784
2015-10-28 00:00:00,7346
2015-10-29 00:00:00,7836
2015-10-30 00:00:00,7941
2015-10-31 00:00:00,7557
2015-11-01 00:00:00,6915
2015-11-02 00:00:00,6558
2015-11-03 00:00:00,7399
2015-11-04 00:00:00,7037
2015-11-05 00:00:00,7498
2015-11-06 00:00:00,7882
2015-11-07 00:00:00,10996
2015-11-08 00:00:00,12413
2015-11-09 00:00:00,7689
2015-11-10 00:00:00,8151
2015-11-11 00:00:00,10217
2015-11-12 00:00:00,9534
2015-11-13 00:00:00,7891
2015-11-14 00:00:00,7211
2015-11-15 00:00:00,7170
2015-11-16 00:00:00,7442
2015-11-17 00:00:00,7145
2015-11-18 00:00:00,7373
2015-11-19 00:00:00,8876
2015-11-20 00:00:00,6348
2015-11-21 00:00:00,6822
2015-11-22 00:00:00,7083
2015-11-23 00:00:00,8260
2015-11-24 00:00:00,7152
2015-11-25 00:00:00,7098
2015-11-26 00:00:00,7278
2015-11-27 00:00:00,6639
2015-11-28 00:00:00,6817
2015-11-29 00:00:00,6853
2015-11-30 00:00:00,8986
2015-12-01 00:00:00,6794
2015-12-02 00:00:00,6502
2015-12-03 00:00:00,6971
2015-12-04 00:00:00,6898
2015-12-05 00:00:00,6784
2015-12-06 00:00:00,9103
2015-12-07 00:00:00,7141
2015-12-08 00:00:00,6697
2015-12-09 00:00:00,7001
2015-12-10 00:00:00,7444
2015-12-11 00:00:00,8105
2015-12-12 00:00:00,8205
2015-12-13 00:00:00,7426
2015-12-14 00:00:00,15550
2015-12-15 00:00:00,21098
2015-12-16 00:00:00,10304
2015-12-17 00:00:00,9612
2015-12-18 00:00:00,9032
2015-12-19 00:00:00,9314
2015-12-20 00:00:00,9879
2015-12-21 00:00:00,12063
2015-12-22 00:00:00,21027
2015-12-23 00:00:00,22740
2015-12-24 00:00:00,13494
2015-12-25 00:00:00,9521
2015-12-26 00:00:00,10726
2015-12-27 00:00:00,21867
2015-12-28 00:00:00,12368
2015-12-29 00:00:00,11358
2015-12-30 00:00:00,21767
2015-12-31 00:00:00,10301
2016-01-01 00:00:00,8233
2016-01-02 00:00:00,9164
2016-01-03 00:00:00,9258
2016-01-04 00:00:00,9474
2016-01-05 00:00:00,16430
2016-01-06 00:00:00,17074
2016-01-07 00:00:00,22075
2016-01-08 00:00:00,10919
2016-01-09 00:00:00,11793
2016-01-10 00:00:00,10320
2016-01-11 00:00:00,10893
2016-01-12 00:00:00,10862
2016-01-13 00:00:00,17665
2016-01-14 00:00:00,10653
2016-01-15 00:00:00,9875
2016-01-16 00:00:00,10664
2016-01-17 00:00:00,9747
2016-01-18 00:00:00,12916
2016-01-19 00:00:00,13420
2016-01-20 00:00:00,10610
2016-01-21 00:00:00,10734
2016-01-22 00:00:00,13848
2016-01-23 00:00:00,11025
2016-01-24 00:00:00,12798
2016-01-25 00:00:00,17121
2016-01-26 00:00:00,16511
2016-01-27 00:00:00,18747
2016-01-28 00:00:00,16765
2016-01-29 00:00:00,16395
2016-01-30 00:00:00,14661
2016-01-31 00:00:00,14166
2016-02-01 00:00:00,14199
2016-02-02 00:00:00,14291
2016-02-03 00:00:00,14274
2016-02-04 00:00:00,14371
2016-02-05 00:00:00,15249
2016-02-06 00:00:00,31418
2016-02-07 00:00:00,14264
2016-02-08 00:00:00,14719
2016-02-09 00:00:00,15517
2016-02-10 00:00:00,17141
2016-02-11 00:00:00,21440
2016-02-12 00:00:00,18109
2016-02-13 00:00:00,19327
2016-02-14 00:00:00,16624
2016-02-15 00:00:00,17159
2016-02-16 00:00:00,17549
2016-02-17 00:00:00,19990
2016-02-18 00:00:00,16969
2016-02-19 00:00:00,18412
2016-02-20 00:00:00,16714
2016-02-21 00:00:00,17119
2016-02-22 00:00:00,18190
2016-02-23 00:00:00,18482
2016-02-24 00:00:00,19540
2016-02-25 00:00:00,19503
2016-02-26 00:00:00,21068
2016-02-27 00:00:00,18981
2016-02-28 00:00:00,19063
2016-02-29 00:00:00,20358
2016-03-01 00:00:00,21778
2016-03-02 00:00:00,23562
2016-03-03 00:00:00,24837
2016-03-04 00:00:00,24287
2016-03-05 00:00:00,27115
2016-03-06 00:00:00,27661
2016-03-07 00:00:00,23271
2016-03-08 00:00:00,24105
2016-03-09 00:00:00,24557
2016-03-10 00:00:00,24814
2016-03-11 00:00:00,23124
2016-03-12 00:00:00,27887
2016-03-13 00:00:00,28127
2016-03-14 00:00:00,28528
2016-03-15 00:00:00,29273
2016-03-16 00:00:00,27596
2016-03-17 00:00:00,33531
2016-03-18 00:00:00,31821
2016-03-19 00:00:00,34779
2016-03-20 00:00:00,32447
2016-03-21 00:00:00,32511
2016-03-22 00:00:00,32890
2016-03-23 00:00:00,31786
2016-03-24 00:00:00,36947
2016-03-25 00:00:00,36762
2016-03-26 00:00:00,36646
2016-03-27 00:00:00,29974
2016-03-28 00:00:00,33613
2016-03-29 00:00:00,33915
2016-03-30 00:00:00,36767
2016-03-31 00:00:00,32259
2016-04-01 00:00:00,33320
2016-04-02 00:00:00,29358
2016-04-03 00:00:00,29588
2016-04-04 00:00:00,34907
2016-04-05 00:00:00,39173
2016-04-06 00:00:00,32078
2016-04-07 00:00:00,31893
2016-04-08 00:00:00,34010
2016-04-09 00:00:00,31923
2016-04-10 00:00:00,32237
2016-04-11 00:00:00,30327
2016-04-12 00:00:00,34673
2016-04-13 00:00:00,36051
2016-04-14 00:00:00,34781
2016-04-15 00:00:00,34959
2016-04-16 00:00:00,30483
2016-04-17 00:00:00,40203
2016-04-18 00:00:00,33513
2016-04-19 00:00:00,32622
2016-04-20 00:00:00,32944
2016-04-21 00:00:00,37181
2016-04-22 00:00:00,31678
2016-04-23 00:00:00,31845
2016-04-24 00:00:00,34046
2016-04-25 00:00:00,35430
2016-04-26 00:00:00,32582
2016-04-27 00:00:00,33847
2016-04-28 00:00:00,34343
2016-04-29 00:00:00,37332
2016-04-30 00:00:00,45769
2016-05-01 00:00:00,39578
2016-05-02 00:00:00,41748
2016-05-03 00:00:00,37821
2016-05-04 00:00:00,37484
2016-05-05 00:00:00,38707
2016-05-06 00:00:00,41271
2016-05-07 00:00:00,35864
2016-05-08 00:00:00,40063
2016-05-09 00:00:00,38560
2016-05-10 00:00:00,40684
2016-05-11 00:00:00,40811
2016-05-12 00:00:00,45002
2016-05-13 00:00:00,47739
2016-05-14 00:00:00,45745
2016-05-15 00:00:00,43073
2016-05-16 00:00:00,37424
2016-05-17 00:00:00,40309
2016-05-18 00:00:00,46033
2016-05-19 00:00:00,44523
2016-05-20 00:00:00,45177
2016-05-21 00:00:00,43621
2016-05-22 00:00:00,38895
2016-05-23 00:00:00,43806
2016-05-24 00:00:00,42911
2016-05-25 00:00:00,46443
2016-05-26 00:00:00,51147
2016-05-27 00:00:00,49006
2016-05-28 00:00:00,70148
2016-05-29 00:00:00,45890
2016-05-30 00:00:00,42927
2016-05-31 00:00:00,44386
2016-06-01 00:00:00,42221
2016-06-02 00:00:00,39666
2016-06-03 00:00:00,39834
2016-06-04 00:00:00,37875
2016-06-05 00:00:00,37896
2016-06-06 00:00:00,38957
2016-06-07 00:00:00,46141
2016-06-08 00:00:00,40433
2016-06-09 00:00:00,39854
2016-06-10 00:00:00,40145
2016-06-11 00:00:00,36901
2016-06-12 00:00:00,42581
2016-06-13 00:00:00,46185
2016-06-14 00:00:00,50335
2016-06-15 00:00:00,43251
2016-06-16 00:00:00,43392
2016-06-17 00:00:00,66558
2016-06-18 00:00:00,63083
2016-06-19 00:00:00,51035
2016-06-20 00:00:00,47118
2016-06-21 00:00:00,47323
2016-06-22 00:00:00,48615
2016-06-23 00:00:00,41908
2016-06-24 00:00:00,45331
2016-06-25 00:00:00,36684
2016-06-26 00:00:00,41613
2016-06-27 00:00:00,39663
2016-06-28 00:00:00,43089
2016-06-29 00:00:00,49897
2016-06-30 00:00:00,63952
2016-07-01 00:00:00,40085
2016-07-02 00:00:00,39257
2016-07-03 00:00:00,39757
2016-07-04 00:00:00,39950
2016-07-05 00:00:00,39270
2016-07-06 00:00:00,37900
2016-07-07 00:00:00,40433
2016-07-08 00:00:00,42506
2016-07-09 00:00:00,40410
2016-07-10 00:00:00,39358
2016-07-11 00:00:00,38582
2016-07-12 00:00:00,40811
2016-07-13 00:00:00,35740
2016-07-14 00:00:00,42809
2016-07-15 00:00:00,41110
2016-07-16 00:00:00,38062
2016-07-17 00:00:00,33914
2016-07-18 00:00:00,39198
2016-07-19 00:00:00,44184
2016-07-20 00:00:00,50631
2016-07-21 00:00:00,44882
2016-07-22 00:00:00,48458
2016-07-23 00:00:00,45006
2016-07-24 00:00:00,58215
2016-07-25 00:00:00,54856
2016-07-26 00:00:00,61930
2016-07-27 00:00:00,53035
2016-07-28 00:00:00,48555
2016-07-29 00:00:00,47243
2016-07-30 00:00:00,42011
2016-07-31 00:00:00,48749
2016-08-01 00:00:00,45978
2016-08-02 00:00:00,49041
2016-08-03 00:00:00,49475
2016-08-04 00:00:00,46761
2016-08-05 00:00:00,43212
2016-08-06 00:00:00,41487
2016-08-07 00:00:00,42955
2016-08-08 00:00:00,42984
2016-08-09 00:00:00,47057
2016-08-10 00:00:00,46290
2016-08-11 00:00:00,48171
2016-08-12 00:00:00,44400
2016-08-13 00:00:00,41088
2016-08-14 00:00:00,40577
2016-08-15 00:00:00,42302
2016-08-16 00:00:00,48949
2016-08-17 00:00:00,44867
2016-08-18 00:00:00,47799
2016-08-19 00:00:00,42948
2016-08-20 00:00:00,41318
2016-08-21 00:00:00,42543
2016-08-22 00:00:00,44250
2016-08-23 00:00:00,48430
2016-08-24 00:00:00,46821
2016-08-25 00:00:00,49868
2016-08-26 00:00:00,47292
2016-08-27 00:00:00,47938
2016-08-28 00:00:00,42607
2016-08-29 00:00:00,45510
2016-08-30 00:00:00,46979
2016-08-31 00:00:00,45846
2016-09-01 00:00:00,47491
2016-09-02 00:00:00,55413
2016-09-03 00:00:00,44792
2016-09-04 00:00:00,48128
2016-09-05 00:00:00,42667
2016-09-06 00:00:00,49102
2016-09-07 00:00:00,48701
2016-09-08 00:00:00,55970
2016-09-09 00:00:00,53918
2016-09-10 00:00:00,42875
2016-09-11 00:00:00,43345
2016-09-12 00:00:00,45123
2016-09-13 00:00:00,42591
2016-09-14 00:00:00,53859
2016-09-15 00:00:00,52622
2016-09-16 00:00:00,57532
2016-09-17 00:00:00,46882
2016-09-18 00:00:00,37893
2016-09-19 00:00:00,40505
2016-09-20 00:00:00,54067
2016-09-21 00:00:00,44549
2016-09-22 00:00:00,52657
2016-09-23 00:00:00,35219
2016-09-24 00:00:00,43418
2016-09-25 00:00:00,38713
2016-09-26 00:00:00,43514
2016-09-27 00:00:00,46817
2016-09-28 00:00:00,42797
2016-09-29 00:00:00,40416
2016-09-30 00:00:00,35836
2016-10-01 00:00:00,53076
2016-10-02 00:00:00,51105
2016-10-03 00:00:00,47672
2016-10-04 00:00:00,56662
2016-10-05 00:00:00,41719
2016-10-06 00:00:00,36826
2016-10-07 00:00:00,43708
2016-10-08 00:00:00,37690
2016-10-09 00:00:00,43940
2016-10-10 00:00:00,44940
2016-10-11 00:00:00,41053
2016-10-12 00:00:00,30002
2016-10-13 00:00:00,32244
2016-10-14 00:00:00,42006
2016-10-15 00:00:00,33662
2016-10-16 00:00:00,34990
2016-10-17 00:00:00,38136
2016-10-18 00:00:00,51898
2016-10-19 00:00:00,38497
2016-10-20 00:00:00,43438
2016-10-21 00:00:00,57780
2016-10-22 00:00:00,37772
2016-10-23 00:00:00,35364
2016-10-24 00:00:00,52547
2016-10-25 00:00:00,47610
2016-10-26 00:00:00,45158
2016-10-27 00:00:00,44353
2016-10-28 00:00:00,41522
2016-10-29 00:00:00,40011
2016-10-30 00:00:00,39435
2016-10-31 00:00:00,45031
2016-11-01 00:00:00,49025
2016-11-02 00:00:00,43519
2016-11-03 00:00:00,42346
2016-11-04 00:00:00,32572
2016-11-05 00:00:00,37690
2016-11-06 00:00:00,34391
2016-11-07 00:00:00,41941
2016-11-08 00:00:00,41569
2016-11-09 00:00:00,40517
2016-11-10 00:00:00,40164
2016-11-11 00:00:00,41070
2016-11-12 00:00:00,40882
2016-11-13 00:00:00,43673
2016-11-14 00:00:00,43876
2016-11-15 00:00:00,45330
2016-11-16 00:00:00,41684
2016-11-17 00:00:00,40738
2016-11-18 00:00:00,43785
2016-11-19 00:00:00,39289
2016-11-20 00:00:00,42125
2016-11-21 00:00:00,42735
2016-11-22 00:00:00,53585
2016-11-23 00:00:00,64289
2016-11-24 00:00:00,36861
2016-11-25 00:00:00,58075
2016-11-26 00:00:00,40804
2016-11-27 00:00:00,44449
2016-11-28 00:00:00,48388
2016-11-29 00:00:00,47036
2016-11-30 00:00:00,39178
2016-12-01 00:00:00,37121
2016-12-02 00:00:00,41642
2016-12-03 00:00:00,41357
2016-12-04 00:00:00,39643
2016-12-05 00:00:00,41613
2016-12-06 00:00:00,48200
2016-12-07 00:00:00,41757
2016-12-08 00:00:00,39587
2016-12-09 00:00:00,41444
2016-12-10 00:00:00,40564
2016-12-11 00:00:00,39164
2016-12-12 00:00:00,38741
2016-12-13 00:00:00,44664
2016-12-14 00:00:00,47294
2016-12-15 00:00:00,46102
2016-12-16 00:00:00,43953
2016-12-17 00:00:00,39442
2016-12-18 00:00:00,36640
2016-12-19 00:00:00,45599
2016-12-20 00:00:00,44241
2016-12-21 00:00:00,50793
2016-12-22 00:00:00,55173
2016-12-23 00:00:00,44391
2016-12-24 00:00:00,37757
2016-12-25 00:00:00,36601
2016-12-26 00:00:00,34565
2016-12-27 00:00:00,42370
2016-12-28 00:00:00,43386
2016-12-29 00:00:00,46546
2016-12-30 00:00:00,44561
2016-12-31 00:00:00,41220
2017-01-01 00:00:00,38730
2017-01-02 00:00:00,39652
2017-01-03 00:00:00,45883
2017-01-04 00:00:00,50673
2017-01-05 00:00:00,49596
2017-01-06 00:00:00,43804
2017-01-07 00:00:00,43622
2017-01-08 00:00:00,42727
2017-01-09 00:00:00,46188
2017-01-10 00:00:00,48179
2017-01-11 00:00:00,45221
2017-01-12 00:00:00,50589
2017-01-13 00:00:00,50833
2017-01-14 00:00:00,42044
2017-01-15 00:00:00,41748
2017-01-16 00:00:00,45375
2017-01-17 00:00:00,46671
2017-01-18 00:00:00,44994
2017-01-19 00:00:00,43628
2017-01-20 00:00:00,45775
2017-01-21 00:00:00,43302
2017-01-22 00:00:00,47432
2017-01-23 00:00:00,46076
2017-01-24 00:00:00,50414
2017-01-25 00:00:00,46256
2017-01-26 00:00:00,46856
2017-01-27 00:00:00,46680
2017-01-28 00:00:00,45189
2017-01-29 00:00:00,42509
2017-01-30 00:00:00,45369
2017-01-31 00:00:00,43649
2017-02-01 00:00:00,44541
2017-02-02 00:00:00,43709
2017-02-03 00:00:00,42778
2017-02-04 00:00:00,45410
2017-02-05 00:00:00,46542
2017-02-06 00:00:00,47306
2017-02-07 00:00:00,51866
2017-02-08 00:00:00,51089
2017-02-09 00:00:00,47873
2017-02-10 00:00:00,52222
2017-02-11 00:00:00,46560
2017-02-12 00:00:00,45319
2017-02-13 00:00:00,55990
2017-02-14 00:00:00,58298
2017-02-15 00:00:00,55320
2017-02-16 00:00:00,49674
2017-02-17 00:00:00,49406
2017-02-18 00:00:00,49398
2017-02-19 00:00:00,48227
2017-02-20 00:00:00,50152
2017-02-21 00:00:00,58434
2017-02-22 00:00:00,50372
2017-02-23 00:00:00,47601
2017-02-24 00:00:00,54081
2017-02-25 00:00:00,53245
2017-02-26 00:00:00,51716
2017-02-27 00:00:00,52642
2017-02-28 00:00:00,60277
2017-03-01 00:00:00,59774
2017-03-02 00:00:00,70779
2017-03-03 00:00:00,64294
2017-03-04 00:00:00,58756
2017-03-05 00:00:00,57031
2017-03-06 00:00:00,57020
2017-03-07 00:00:00,62589
2017-03-08 00:00:00,55386
2017-03-09 00:00:00,64266
2017-03-10 00:00:00,65132
2017-03-11 00:00:00,64803
2017-03-12 00:00:00,66646
2017-03-13 00:00:00,81718
2017-03-14 00:00:00,77155
2017-03-15 00:00:00,81205
2017-03-16 00:00:00,109950
2017-03-17 00:00:00,106635
2017-03-18 00:00:00,89920
2017-03-19 00:00:00,84599
2017-03-20 00:00:00,80264
2017-03-21 00:00:00,84298
2017-03-22 00:00:00,78821
2017-03-23 00:00:00,82434
2017-03-24 00:00:00,87775
2017-03-25 00:00:00,84394
2017-03-26 00:00:00,79534
2017-03-27 00:00:00,94570
2017-03-28 00:00:00,84348
2017-03-29 00:00:00,93064
2017-03-30 00:00:00,96209
2017-03-31 00:00:00,103102
2017-04-01 00:00:00,80572
2017-04-02 00:00:00,88948
2017-04-03 00:00:00,100221
2017-04-04 00:00:00,86279
2017-04-05 00:00:00,87411
2017-04-06 00:00:00,95177
2017-04-07 00:00:00,92846
2017-04-08 00:00:00,72144
2017-04-09 00:00:00,74557
2017-04-10 00:00:00,75487
2017-04-11 00:00:00,75891
2017-04-12 00:00:00,80347
2017-04-13 00:00:00,84124
2017-04-14 00:00:00,81155
2017-04-15 00:00:00,74820
2017-04-16 00:00:00,70634
2017-04-17 00:00:00,72546
2017-04-18 00:00:00,83303
2017-04-19 00:00:00,85734
2017-04-20 00:00:00,85450
2017-04-21 00:00:00,81278
2017-04-22 00:00:00,73539
2017-04-23 00:00:00,77073
2017-04-24 00:00:00,80531
2017-04-25 00:00:00,93033
2017-04-26 00:00:00,89642
2017-04-27 00:00:00,104494
2017-04-28 00:00:00,106193
2017-04-29 00:00:00,91335
2017-04-30 00:00:00,95202
2017-05-01 00:00:00,112202
2017-05-02 00:00:00,110354
2017-05-03 00:00:00,97334
2017-05-04 00:00:00,114877
2017-05-05 00:00:00,108514
2017-05-06 00:00:00,95014
2017-05-07 00:00:00,106631
2017-05-08 00:00:00,117509
2017-05-09 00:00:00,112933
2017-05-10 00:00:00,109673
2017-05-11 00:00:00,117189
2017-05-12 00:00:00,107241
2017-05-13 00:00:00,101332
2017-05-14 00:00:00,101348
2017-05-15 00:00:00,122792
2017-05-16 00:00:00,116341
2017-05-17 00:00:00,140135
2017-05-18 00:00:00,137409
2017-05-19 00:00:00,161568
2017-05-20 00:00:00,130912
2017-05-21 00:00:00,149699
2017-05-22 00:00:00,176255
2017-05-23 00:00:00,187121
2017-05-24 00:00:00,187293
2017-05-25 00:00:00,183010
2017-05-26 00:00:00,169818
2017-05-27 00:00:00,149450
2017-05-28 00:00:00,155271
2017-05-29 00:00:00,158547
2017-05-30 00:00:00,193618
2017-05-31 00:00:00,214126
2017-06-01 00:00:00,199160
2017-06-02 00:00:00,194911
2017-06-03 00:00:00,175666
2017-06-04 00:00:00,180136
2017-06-05 00:00:00,190305
2017-06-06 00:00:00,200523
2017-06-07 00:00:00,207180
2017-06-08 00:00:00,187700
2017-06-09 00:00:00,215831
2017-06-10 00:00:00,213356
2017-06-11 00:00:00,240490
2017-06-12 00:00:00,292941
2017-06-13 00:00:00,280054
2017-06-14 00:00:00,250410
2017-06-15 00:00:00,261617
2017-06-16 00:00:00,248003
2017-06-17 00:00:00,242022
2017-06-18 00:00:00,245957
2017-06-19 00:00:00,286209
2017-06-20 00:00:00,308488
2017-06-21 00:00:00,221289
2017-06-22 00:00:00,284225
2017-06-23 00:00:00,276012
2017-06-24 00:00:00,250570
2017-06-25 00:00:00,231135
2017-06-26 00:00:00,316788
2017-06-27 00:00:00,252995
2017-06-28 00:00:00,274241
2017-06-29 00:00:00,263791
2017-06-30 00:00:00,252652
2017-07-01 00:00:00,240465
2017-07-02 00:00:00,248617
2017-07-03 00:00:00,302032
2017-07-04 00:00:00,281465
2017-07-05 00:00:00,271606
2017-07-06 00:00:00,258791
2017-07-07 00:00:00,295389
2017-07-08 00:00:00,248142
2017-07-09 00:00:00,225189
2017-07-10 00:00:00,302633
2017-07-11 00:00:00,291677
2017-07-12 00:00:00,283828
2017-07-13 00:00:00,260745
2017-07-14 00:00:00,249381
2017-07-15 00:00:00,231961
2017-07-16 00:00:00,249138
2017-07-17 00:00:00,248473
2017-07-18 00:00:00,271055
2017-07-19 00:00:00,270122
2017-07-20 00:00:00,250065
2017-07-21 00:00:00,232560
2017-07-22 00:00:00,205574
2017-07-23 00:00:00,260490
2017-07-24 00:00:00,263095
2017-07-25 00:00:00,242956
2017-07-26 00:00:00,223010
2017-07-27 00:00:00,225435
2017-07-28 00:00:00,246494
2017-07-29 00:00:00,198773
2017-07-30 00:00:00,206624
2017-07-31 00:00:00,250090
2017-08-01 00:00:00,218582
2017-08-02 00:00:00,231068
2017-08-03 00:00:00,236335
2017-08-04 00:00:00,257160
2017-08-05 00:00:00,261400
2017-08-06 00:00:00,265127
2017-08-07 00:00:00,281172
2017-08-08 00:00:00,318866
2017-08-09 00:00:00,280308
2017-08-10 00:00:00,338241
2017-08-11 00:00:00,356682
2017-08-12 00:00:00,338654
2017-08-13 00:00:00,333011
2017-08-14 00:00:00,410061
2017-08-15 00:00:00,413246
2017-08-16 00:00:00,413624
2017-08-17 00:00:00,428007
2017-08-18 00:00:00,443356
2017-08-19 00:00:00,377418
2017-08-20 00:00:00,309926
2017-08-21 00:00:00,392880
2017-08-22 00:00:00,364727
2017-08-23 00:00:00,374711
2017-08-24 00:00:00,352465
2017-08-25 00:00:00,352621
2017-08-26 00:00:00,306268
2017-08-27 00:00:00,324173
2017-08-28 00:00:00,363799
2017-08-29 00:00:00,394649
2017-08-30 00:00:00,400220
2017-08-31 00:00:00,384421
2017-09-01 00:00:00,390997
2017-09-02 00:00:00,331797
2017-09-03 00:00:00,302525
2017-09-04 00:00:00,442592
2017-09-05 00:00:00,444572
2017-09-06 00:00:00,496376
2017-09-07 00:00:00,448347
2017-09-08 00:00:00,463670
2017-09-09 00:00:00,383654
2017-09-10 00:00:00,325128
2017-09-11 00:00:00,365384
2017-09-12 00:00:00,404898
2017-09-13 00:00:00,365679
2017-09-14 00:00:00,380251
2017-09-15 00:00:00,441767
2017-09-16 00:00:00,373764
2017-09-17 00:00:00,289517
2017-09-18 00:00:00,362764
2017-09-19 00:00:00,337752
2017-09-20 00:00:00,324984
2017-09-21 00:00:00,317074
2017-09-22 00:00:00,271470
2017-09-23 00:00:00,260107
2017-09-24 00:00:00,280929
2017-09-25 00:00:00,306614
2017-09-26 00:00:00,306075
2017-09-27 00:00:00,309047
2017-09-28 00:00:00,329208
2017-09-29 00:00:00,326502
2017-09-30 00:00:00,295798
2017-10-01 00:00:00,283871
2017-10-02 00:00:00,306095
2017-10-03 00:00:00,327906
2017-10-04 00:00:00,307399
2017-10-05 00:00:00,314808
2017-10-06 00:00:00,319882
2017-10-07 00:00:00,291091
2017-10-08 00:00:00,296829
2017-10-09 00:00:00,328172
2017-10-10 00:00:00,349605
2017-10-11 00:00:00,344305
2017-10-12 00:00:00,363411
2017-10-13 00:00:00,379136
2017-10-14 00:00:00,332169
2017-10-15 00:00:00,328921
2017-10-16 00:00:00,408297
2017-10-17 00:00:00,505611
2017-10-18 00:00:00,470449
2017-10-19 00:00:00,494184
2017-10-20 00:00:00,546837
2017-10-21 00:00:00,462902
2017-10-22 00:00:00,435493
2017-10-23 00:00:00,468168
2017-10-24 00:00:00,492288
2017-10-25 00:00:00,460419
2017-10-26 00:00:00,466406
2017-10-27 00:00:00,486147
2017-10-28 00:00:00,484554
2017-10-29 00:00:00,494176
2017-10-30 00:00:00,532626
2017-10-31 00:00:00,519906
2017-11-01 00:00:00,527783
2017-11-02 00:00:00,529277
2017-11-03 00:00:00,485790
2017-11-04 00:00:00,398758
2017-11-05 00:00:00,417102
2017-11-06 00:00:00,511663
2017-11-07 00:00:00,470418
2017-11-08 00:00:00,480413
2017-11-09 00:00:00,467172
2017-11-10 00:00:00,457427
2017-11-11 00:00:00,394378
2017-11-12 00:00:00,434380
2017-11-13 00:00:00,443176
2017-11-14 00:00:00,475984
2017-11-15 00:00:00,540593
2017-11-16 00:00:00,491482
2017-11-17 00:00:00,508590
2017-11-18 00:00:00,459679
2017-11-19 00:00:00,464563
2017-11-20 00:00:00,530141
2017-11-21 00:00:00,524044
2017-11-22 00:00:00,546489
2017-11-23 00:00:00,537068
2017-11-24 00:00:00,525529
2017-11-25 00:00:00,561166
2017-11-26 00:00:00,542484
2017-11-27 00:00:00,608695
2017-11-28 00:00:00,638989
2017-11-29 00:00:00,663579
2017-11-30 00:00:00,655457
2017-12-01 00:00:00,622720
2017-12-02 00:00:00,627785
2017-12-03 00:00:00,693808
2017-12-04 00:00:00,701834
2017-12-05 00:00:00,693090
2017-12-06 00:00:00,791746
2017-12-07 00:00:00,660618
2017-12-08 00:00:00,768095
2017-12-09 00:00:00,708895
2017-12-10 00:00:00,717203
2017-12-11 00:00:00,829598
2017-12-12 00:00:00,873706
2017-12-13 00:00:00,910991
2017-12-14 00:00:00,944324
2017-12-15 00:00:00,905773
2017-12-16 00:00:00,901401
2017-12-17 00:00:00,878225
2017-12-18 00:00:00,985553
2017-12-19 00:00:00,1093987
2017-12-20 00:00:00,988392
2017-12-21 00:00:00,1074306
2017-12-22 00:00:00,1107605
2017-12-23 00:00:00,920089
2017-12-24 00:00:00,759075
2017-12-25 00:00:00,753028
2017-12-26 00:00:00,814796
2017-12-27 00:00:00,914302
2017-12-28 00:00:00,950299
2017-12-29 00:00:00,1091382
2017-12-30 00:00:00,1138071
2017-12-31 00:00:00,948797
2018-01-01 00:00:00,910367
2018-01-02 00:00:00,1155526
2018-01-03 00:00:00,1241095
2018-01-04 00:00:00,1351307
2018-01-05 00:00:00,1276189
2018-01-06 00:00:00,1228918
2018-01-07 00:00:00,1155126
2018-01-08 00:00:00,1220815
2018-01-09 00:00:00,1260681
2018-01-10 00:00:00,1182162
2018-01-11 00:00:00,1176218
2018-01-12 00:00:00,1122654
2018-01-13 00:00:00,1183718
2018-01-14 00:00:00,1085165
2018-01-15 00:00:00,1209525
2018-01-16 00:00:00,1281222
2018-01-17 00:00:00,1279357
2018-01-18 00:00:00,1207441
2018-01-19 00:00:00,1045361
2018-01-20 00:00:00,985664
2018-01-21 00:00:00,1009720
2018-01-22 00:00:00,974765
2018-01-23 00:00:00,929309
2018-01-24 00:00:00,914140
2018-01-25 00:00:00,789412
2018-01-26 00:00:00,954711
2018-01-27 00:00:00,832819
2018-01-28 00:00:00,889367
2018-01-29 00:00:00,937027
2018-01-30 00:00:00,908128
2018-01-31 00:00:00,878195
2018-02-01 00:00:00,1011550
2018-02-02 00:00:00,982533
2018-02-03 00:00:00,815547
2018-02-04 00:00:00,801428
2018-02-05 00:00:00,876254
2018-02-06 00:00:00,889046
2018-02-07 00:00:00,820431
2018-02-08 00:00:00,682343
2018-02-09 00:00:00,778851
2018-02-10 00:00:00,836314
2018-02-11 00:00:00,740191
2018-02-12 00:00:00,797475
2018-02-13 00:00:00,730671
2018-02-14 00:00:00,725534
2018-02-15 00:00:00,770024
2018-02-16 00:00:00,696587
2018-02-17 00:00:00,753773
2018-02-18 00:00:00,754772
2018-02-19 00:00:00,801205
2018-02-20 00:00:00,852627
2018-02-21 00:00:00,846967
2018-02-22 00:00:00,749784
2018-02-23 00:00:00,729775
2018-02-24 00:00:00,726595
2018-02-25 00:00:00,686085
2018-02-26 00:00:00,720568
2018-02-27 00:00:00,669936
2018-02-28 00:00:00,703155
2018-03-01 00:00:00,661607
2018-03-02 00:00:00,736053
2018-03-03 00:00:00,660944
2018-03-04 00:00:00,626632
2018-03-05 00:00:00,735851
2018-03-06 00:00:00,711139
2018-03-07 00:00:00,762015
2018-03-08 00:00:00,672305
2018-03-09 00:00:00,639919
2018-03-10 00:00:00,584979
2018-03-11 00:00:00,602350
2018-03-12 00:00:00,665571
2018-03-13 00:00:00,680546
2018-03-14 00:00:00,669705
2018-03-15 00:00:00,635682
2018-03-16 00:00:00,649182
2018-03-17 00:00:00,584351
2018-03-18 00:00:00,667116
2018-03-19 00:00:00,680852
2018-03-20 00:00:00,641068
2018-03-21 00:00:00,690024
2018-03-22 00:00:00,606171
2018-03-23 00:00:00,661202
2018-03-24 00:00:00,603914
2018-03-25 00:00:00,514878
2018-03-26 00:00:00,619446
2018-03-27 00:00:00,578682
2018-03-28 00:00:00,576663
2018-03-29 00:00:00,571930
2018-03-30 00:00:00,628953
2018-03-31 00:00:00,577808
2018-04-01 00:00:00,543702
2018-04-02 00:00:00,587608
2018-04-03 00:00:00,641377
2018-04-04 00:00:00,623537
2018-04-05 00:00:00,690591
2018-04-06 00:00:00,646573
2018-04-07 00:00:00,535373
2018-04-08 00:00:00,591250
2018-04-09 00:00:00,601103
2018-04-10 00:00:00,564025
2018-04-11 00:00:00,590447
2018-04-12 00:00:00,679613
2018-04-13 00:00:00,719838
2018-04-14 00:00:00,603865
2018-04-15 00:00:00,615128
2018-04-16 00:00:00,663670
2018-04-17 00:00:00,720404
2018-04-18 00:00:00,688376
2018-04-19 00:00:00,791343
2018-04-20 00:00:00,823800
2018-04-21 00:00:00,741720
2018-04-22 00:00:00,730626
2018-04-23 00:00:00,800350
2018-04-24 00:00:00,814610
2018-04-25 00:00:00,790341
2018-04-26 00:00:00,779881
2018-04-27 00:00:00,758181
2018-04-28 00:00:00,762386
2018-04-29 00:00:00,753645
2018-04-30 00:00:00,768875
2018-05-01 00:00:00,704768
2018-05-02 00:00:00,778388
2018-05-03 00:00:00,830559
2018-05-04 00:00:00,993554
2018-05-05 00:00:00,788879
2018-05-06 00:00:00,673249
2018-05-07 00:00:00,785857
2018-05-08 00:00:00,801015
2018-05-09 00:00:00,827824
2018-05-10 00:00:00,853205
2018-05-11 00:00:00,821570
2018-05-12 00:00:00,788548
2018-05-13 00:00:00,750283
2018-05-14 00:00:00,797559
2018-05-15 00:00:00,772566
2018-05-16 00:00:00,802559
2018-05-17 00:00:00,835171
2018-05-18 00:00:00,806222
2018-05-19 00:00:00,844035
2018-05-20 00:00:00,764356
2018-05-21 00:00:00,802147
2018-05-22 00:00:00,814753
2018-05-23 00:00:00,827672
2018-05-24 00:00:00,805669
2018-05-25 00:00:00,797435
2018-05-26 00:00:00,761828
2018-05-27 00:00:00,754190
2018-05-28 00:00:00,860618
2018-05-29 00:00:00,802370
2018-05-30 00:00:00,814467
2018-05-31 00:00:00,819056
2018-06-01 00:00:00,747430
2018-06-02 00:00:00,768300
2018-06-03 00:00:00,794913
2018-06-04 00:00:00,788300
2018-06-05 00:00:00,777861
2018-06-06 00:00:00,734741
2018-06-07 00:00:00,765229
2018-06-08 00:00:00,703935
2018-06-09 00:00:00,760004
2018-06-10 00:00:00,768263
2018-06-11 00:00:00,764604
2018-06-12 00:00:00,769145
2018-06-13 00:00:00,792180
2018-06-14 00:00:00,744294
2018-06-15 00:00:00,757015
2018-06-16 00:00:00,625479
2018-06-17 00:00:00,643734
2018-06-18 00:00:00,695720
2018-06-19 00:00:00,770102
2018-06-20 00:00:00,796721
2018-06-21 00:00:00,748283
2018-06-22 00:00:00,769002
2018-06-23 00:00:00,670342
2018-06-24 00:00:00,670671
2018-06-25 00:00:00,823356
2018-06-26 00:00:00,715575
2018-06-27 00:00:00,764656
2018-06-28 00:00:00,740792
2018-06-29 00:00:00,732965
2018-06-30 00:00:00,627800
2018-07-01 00:00:00,622061
2018-07-02 00:00:00,471632
2018-07-03 00:00:00,563359
2018-07-04 00:00:00,445727
2018-07-05 00:00:00,520109
2018-07-06 00:00:00,443634
2018-07-07 00:00:00,480082
2018-07-08 00:00:00,629689
2018-07-09 00:00:00,652118
2018-07-10 00:00:00,682684
2018-07-11 00:00:00,640779
2018-07-12 00:00:00,547084
2018-07-13 00:00:00,553114
2018-07-14 00:00:00,496479
2018-07-15 00:00:00,444966
2018-07-16 00:00:00,700444
2018-07-17 00:00:00,697781
2018-07-18 00:00:00,745084
2018-07-19 00:00:00,709947
2018-07-20 00:00:00,669219
2018-07-21 00:00:00,602501
2018-07-22 00:00:00,656877
2018-07-23 00:00:00,742257
2018-07-24 00:00:00,780571
2018-07-25 00:00:00,783289
2018-07-26 00:00:00,718349
2018-07-27 00:00:00,766389
2018-07-28 00:00:00,696319
2018-07-29 00:00:00,705142
2018-07-30 00:00:00,753968
2018-07-31 00:00:00,730735
2018-08-01 00:00:00,755020
2018-08-02 00:00:00,764386
2018-08-03 00:00:00,750719
2018-08-04 00:00:00,707769
2018-08-05 00:00:00,698629
2018-08-06 00:00:00,694398
2018-08-07 00:00:00,634231
2018-08-08 00:00:00,553986
2018-08-09 00:00:00,527093
2018-08-10 00:00:00,601539
2018-08-11 00:00:00,651038
2018-08-12 00:00:00,633923
2018-08-13 00:00:00,690691
2018-08-14 00:00:00,685940
2018-08-15 00:00:00,647230
2018-08-16 00:00:00,703597
2018-08-17 00:00:00,605775
2018-08-18 00:00:00,626926
2018-08-19 00:00:00,593436
2018-08-20 00:00:00,656884
2018-08-21 00:00:00,601674
2018-08-22 00:00:00,591867
2018-08-23 00:00:00,599273
2018-08-24 00:00:00,593586
2018-08-25 00:00:00,562358
2018-08-26 00:00:00,572731
2018-08-27 00:00:00,635417
2018-08-28 00:00:00,606416
2018-08-29 00:00:00,541421
2018-08-30 00:00:00,589358
2018-08-31 00:00:00,576155
2018-09-01 00:00:00,645552
2018-09-02 00:00:00,606511
2018-09-03 00:00:00,617905
2018-09-04 00:00:00,582052
2018-09-05 00:00:00,619608
2018-09-06 00:00:00,584215
2018-09-07 00:00:00,579488
2018-09-08 00:00:00,541397
2018-09-09 00:00:00,564798
2018-09-10 00:00:00,545235
2018-09-11 00:00:00,548594
2018-09-12 00:00:00,555809
2018-09-13 00:00:00,551581
2018-09-14 00:00:00,512179
2018-09-15 00:00:00,477822
2018-09-16 00:00:00,444053
2018-09-17 00:00:00,540176
2018-09-18 00:00:00,487391
2018-09-19 00:00:00,493140
2018-09-20 00:00:00,493180
2018-09-21 00:00:00,536874
2018-09-22 00:00:00,465577
2018-09-23 00:00:00,465522
2018-09-24 00:00:00,478461
2018-09-25 00:00:00,519142
2018-09-26 00:00:00,490554
2018-09-27 00:00:00,493186
2018-09-28 00:00:00,496562
2018-09-29 00:00:00,429214
2018-09-30 00:00:00,477988
2018-10-01 00:00:00,465264
2018-10-02 00:00:00,486360
2018-10-03 00:00:00,544805
2018-10-04 00:00:00,545629
2018-10-05 00:00:00,588379
2018-10-06 00:00:00,591144
2018-10-07 00:00:00,494156
2018-10-08 00:00:00,540494
2018-10-09 00:00:00,526808
2018-10-10 00:00:00,505206
2018-10-11 00:00:00,566477
2018-10-12 00:00:00,560286
2018-10-13 00:00:00,531543
2018-10-14 00:00:00,506210
2018-10-15 00:00:00,557024
2018-10-16 00:00:00,566748
2018-10-17 00:00:00,564621
2018-10-18 00:00:00,555311
2018-10-19 00:00:00,599883
2018-10-20 00:00:00,529340
2018-10-21 00:00:00,502947
2018-10-22 00:00:00,574236
2018-10-23 00:00:00,551744
2018-10-24 00:00:00,525157
2018-10-25 00:00:00,521366
2018-10-26 00:00:00,539205
2018-10-27 00:00:00,492069
2018-10-28 00:00:00,503242
2018-10-29 00:00:00,605169
2018-10-30 00:00:00,588782
2018-10-31 00:00:00,581674
2018-11-01 00:00:00,586052
2018-11-02 00:00:00,537397
2018-11-03 00:00:00,495858
2018-11-04 00:00:00,508398
2018-11-05 00:00:00,576904
2018-11-06 00:00:00,593472
2018-11-07 00:00:00,546877
2018-11-08 00:00:00,550169
2018-11-09 00:00:00,541489
2018-11-10 00:00:00,485297
2018-11-11 00:00:00,520572
2018-11-12 00:00:00,563780
2018-11-13 00:00:00,548599
2018-11-14 00:00:00,578921
2018-11-15 00:00:00,562427
2018-11-16 00:00:00,547124
2018-11-17 00:00:00,492528
2018-11-18 00:00:00,479350
2018-11-19 00:00:00,616485
2018-11-20 00:00:00,618600
2018-11-21 00:00:00,575833
2018-11-22 00:00:00,564760
2018-11-23 00:00:00,558753
2018-11-24 00:00:00,485029
2018-11-25 00:00:00,524086
2018-11-26 00:00:00,547272
2018-11-27 00:00:00,556872
2018-11-28 00:00:00,619645
2018-11-29 00:00:00,554460
2018-11-30 00:00:00,596661
2018-12-01 00:00:00,515311
2018-12-02 00:00:00,488149
2018-12-03 00:00:00,545351
2018-12-04 00:00:00,543977
2018-12-05 00:00:00,519718
2018-12-06 00:00:00,585207
2018-12-07 00:00:00,565553
2018-12-08 00:00:00,548013
2018-12-09 00:00:00,500571
2018-12-10 00:00:00,541213
2018-12-11 00:00:00,530170
2018-12-12 00:00:00,528652
2018-12-13 00:00:00,563462
2018-12-14 00:00:00,566479
2018-12-15 00:00:00,541740
2018-12-16 00:00:00,509757
2018-12-17 00:00:00,557566
2018-12-18 00:00:00,555721
2018-12-19 00:00:00,587203
2018-12-20 00:00:00,594475
2018-12-21 00:00:00,604692
2018-12-22 00:00:00,487736
2018-12-23 00:00:00,537227
2018-12-24 00:00:00,604098
2018-12-25 00:00:00,533699
2018-12-26 00:00:00,549432
2018-12-27 00:00:00,535022
2018-12-28 00:00:00,564216
2018-12-29 00:00:00,522721
2018-12-30 00:00:00,453194
2018-12-31 00:00:00,515129
2019-01-01 00:00:00,432661
2019-01-02 00:00:00,570565
2019-01-03 00:00:00,587458
2019-01-04 00:00:00,547455
2019-01-05 00:00:00,507967
2019-01-06 00:00:00,482716
2019-01-07 00:00:00,539646
2019-01-08 00:00:00,543878
2019-01-09 00:00:00,548867
2019-01-10 00:00:00,573844
2019-01-11 00:00:00,536783
2019-01-12 00:00:00,449143
2019-01-13 00:00:00,479290
2019-01-14 00:00:00,576802
2019-01-15 00:00:00,529322
2019-01-16 00:00:00,503089
2019-01-17 00:00:00,513576
2019-01-18 00:00:00,536980
2019-01-19 00:00:00,522116
2019-01-20 00:00:00,527932
2019-01-21 00:00:00,572506
2019-01-22 00:00:00,603699
2019-01-23 00:00:00,524033
2019-01-24 00:00:00,515358
2019-01-25 00:00:00,502838
2019-01-26 00:00:00,462783
2019-01-27 00:00:00,477389
2019-01-28 00:00:00,556455
2019-01-29 00:00:00,557483
2019-01-30 00:00:00,554463
2019-01-31 00:00:00,506129
2019-02-01 00:00:00,488366
2019-02-02 00:00:00,442215
2019-02-03 00:00:00,419586
2019-02-04 00:00:00,400884
2019-02-05 00:00:00,404675
2019-02-06 00:00:00,421898
2019-02-07 00:00:00,418789
2019-02-08 00:00:00,468717
2019-02-09 00:00:00,414944
2019-02-10 00:00:00,365360
2019-02-11 00:00:00,416832
2019-02-12 00:00:00,427026
2019-02-13 00:00:00,480852
2019-02-14 00:00:00,467281
2019-02-15 00:00:00,467607
2019-02-16 00:00:00,446327
2019-02-17 00:00:00,442442
2019-02-18 00:00:00,508870
2019-02-19 00:00:00,523897
2019-02-20 00:00:00,522780
2019-02-21 00:00:00,538708
2019-02-22 00:00:00,529818
2019-02-23 00:00:00,459462
2019-02-24 00:00:00,525581
2019-02-25 00:00:00,558766
2019-02-26 00:00:00,544454
2019-02-27 00:00:00,531731
2019-02-28 00:00:00,537152
2019-03-01 00:00:00,544494
2019-03-02 00:00:00,525437
2019-03-03 00:00:00,483426
2019-03-04 00:00:00,613831
2019-03-05 00:00:00,592031
2019-03-06 00:00:00,575212
2019-03-07 00:00:00,566744
2019-03-08 00:00:00,558180
2019-03-09 00:00:00,554129
2019-03-10 00:00:00,471043
2019-03-11 00:00:00,525377
2019-03-12 00:00:00,559531
2019-03-13 00:00:00,565905
2019-03-14 00:00:00,568689
2019-03-15 00:00:00,549141
2019-03-16 00:00:00,502417
2019-03-17 00:00:00,481142
2019-03-18 00:00:00,561965
2019-03-19 00:00:00,625098
2019-03-20 00:00:00,618458
2019-03-21 00:00:00,611955
2019-03-22 00:00:00,627599
2019-03-23 00:00:00,548985
2019-03-24 00:00:00,539336
2019-03-25 00:00:00,640949
2019-03-26 00:00:00,622409
2019-03-27 00:00:00,621380
2019-03-28 00:00:00,631408
2019-03-29 00:00:00,624704
2019-03-30 00:00:00,653473
2019-03-31 00:00:00,638424
2019-04-01 00:00:00,681596
2019-04-02 00:00:00,753508
2019-04-03 00:00:00,744353
2019-04-04 00:00:00,673139
2019-04-05 00:00:00,604400
2019-04-06 00:00:00,546708
2019-04-07 00:00:00,562699
2019-04-08 00:00:00,660971
2019-04-09 00:00:00,642720
2019-04-10 00:00:00,664298
2019-04-11 00:00:00,720853
2019-04-12 00:00:00,690578
2019-04-13 00:00:00,613427
2019-04-14 00:00:00,547380
2019-04-15 00:00:00,621774
2019-04-16 00:00:00,645909
2019-04-17 00:00:00,673299
2019-04-18 00:00:00,673390
2019-04-19 00:00:00,679485
2019-04-20 00:00:00,674061
2019-04-21 00:00:00,624064
2019-04-22 00:00:00,714605
2019-04-23 00:00:00,727522
2019-04-24 00:00:00,662132
2019-04-25 00:00:00,676746
2019-04-26 00:00:00,657846
2019-04-27 00:00:00,549222
2019-04-28 00:00:00,580643
2019-04-29 00:00:00,618429
2019-04-30 00:00:00,696411
2019-05-01 00:00:00,698043
2019-05-02 00:00:00,623834
2019-05-03 00:00:00,670935
2019-05-04 00:00:00,610219
2019-05-05 00:00:00,631406
2019-05-06 00:00:00,693012
2019-05-07 00:00:00,651218
2019-05-08 00:00:00,684737
2019-05-09 00:00:00,715403
2019-05-10 00:00:00,737428
2019-05-11 00:00:00,726538
2019-05-12 00:00:00,709485
2019-05-13 00:00:00,752504
2019-05-14 00:00:00,826711
2019-05-15 00:00:00,844818
2019-05-16 00:00:00,884343
2019-05-17 00:00:00,795671
2019-05-18 00:00:00,725459
2019-05-19 00:00:00,745952
2019-05-20 00:00:00,855290
2019-05-21 00:00:00,812219
2019-05-22 00:00:00,857401
2019-05-23 00:00:00,844936
2019-05-24 00:00:00,887345
2019-05-25 00:00:00,827822
2019-05-26 00:00:00,762207
2019-05-27 00:00:00,942228
2019-05-28 00:00:00,906856
2019-05-29 00:00:00,946495
2019-05-30 00:00:00,879594
2019-05-31 00:00:00,858613
2019-06-01 00:00:00,951435
2019-06-02 00:00:00,890016
2019-06-03 00:00:00,831739
2019-06-04 00:00:00,878082
2019-06-05 00:00:00,790188
2019-06-06 00:00:00,817028
2019-06-07 00:00:00,758140
2019-06-08 00:00:00,970297
2019-06-09 00:00:00,706468
2019-06-10 00:00:00,959531
2019-06-11 00:00:00,915819
2019-06-12 00:00:00,854228
2019-06-13 00:00:00,734924
2019-06-14 00:00:00,795710
2019-06-15 00:00:00,835732
2019-06-16 00:00:00,866645
2019-06-17 00:00:00,942115
2019-06-18 00:00:00,812042
2019-06-19 00:00:00,862447
2019-06-20 00:00:00,966088
2019-06-21 00:00:00,755022
2019-06-22 00:00:00,740587
2019-06-23 00:00:00,757514
2019-06-24 00:00:00,795747
2019-06-25 00:00:00,912601
2019-06-26 00:00:00,826191
2019-06-27 00:00:00,799996
2019-06-28 00:00:00,987770
2019-06-29 00:00:00,725812
2019-06-30 00:00:00,677682
2019-07-01 00:00:00,945293
2019-07-02 00:00:00,882880
2019-07-03 00:00:00,729295
2019-07-04 00:00:00,729296
2019-07-05 00:00:00,838743
2019-07-06 00:00:00,747978
2019-07-07 00:00:00,573667
2019-07-08 00:00:00,788718
2019-07-09 00:00:00,748307
2019-07-10 00:00:00,718894
2019-07-11 00:00:00,966202
2019-07-12 00:00:00,721374
2019-07-13 00:00:00,582038
2019-07-14 00:00:00,611372
2019-07-15 00:00:00,735622
2019-07-16 00:00:00,974992
2019-07-17 00:00:00,825838
2019-07-18 00:00:00,657680
2019-07-19 00:00:00,799266
2019-07-20 00:00:00,574961
2019-07-21 00:00:00,509799
2019-07-22 00:00:00,627709
2019-07-23 00:00:00,594965
2019-07-24 00:00:00,879831
2019-07-25 00:00:00,924094
2019-07-26 00:00:00,634549
2019-07-27 00:00:00,567131
2019-07-28 00:00:00,557166
2019-07-29 00:00:00,660340
2019-07-30 00:00:00,698708
2019-07-31 00:00:00,674860
2019-08-01 00:00:00,865588
2019-08-02 00:00:00,762427
2019-08-03 00:00:00,769352
2019-08-04 00:00:00,560299
2019-08-05 00:00:00,702879
2019-08-06 00:00:00,727167
2019-08-07 00:00:00,733874
2019-08-08 00:00:00,691057
2019-08-09 00:00:00,719356
2019-08-10 00:00:00,605128
2019-08-11 00:00:00,564766
2019-08-12 00:00:00,698690
2019-08-13 00:00:00,690364
2019-08-14 00:00:00,725669
2019-08-15 00:00:00,687023
2019-08-16 00:00:00,690456
2019-08-17 00:00:00,623916
2019-08-18 00:00:00,616800
2019-08-19 00:00:00,712710
2019-08-20 00:00:00,726928
2019-08-21 00:00:00,727726
2019-08-22 00:00:00,722894
2019-08-23 00:00:00,710973
2019-08-24 00:00:00,679671
2019-08-25 00:00:00,667019
2019-08-26 00:00:00,732718
2019-08-27 00:00:00,731750
2019-08-28 00:00:00,709679
2019-08-29 00:00:00,696893
2019-08-30 00:00:00,698383
2019-08-31 00:00:00,674735
2019-09-01 00:00:00,678703
2019-09-02 00:00:00,750602
2019-09-03 00:00:00,743690
2019-09-04 00:00:00,689320
2019-09-05 00:00:00,762616
2019-09-06 00:00:00,756646
2019-09-07 00:00:00,669041
2019-09-08 00:00:00,662154
2019-09-09 00:00:00,741162
2019-09-10 00:00:00,686814
2019-09-11 00:00:00,696510
2019-09-12 00:00:00,719263
2019-09-13 00:00:00,613674
2019-09-14 00:00:00,620449
2019-09-15 00:00:00,625898
2019-09-16 00:00:00,719546
2019-09-17 00:00:00,666246
2019-09-18 00:00:00,703009
2019-09-19 00:00:00,668121
2019-09-20 00:00:00,710503
2019-09-21 00:00:00,590675
2019-09-22 00:00:00,568751
2019-09-23 00:00:00,620994
2019-09-24 00:00:00,694226
2019-09-25 00:00:00,661640
2019-09-26 00:00:00,649526
2019-09-27 00:00:00,428167
2019-09-28 00:00:00,605076
2019-09-29 00:00:00,590319
2019-09-30 00:00:00,679272
2019-10-01 00:00:00,637194
2019-10-02 00:00:00,622215
2019-10-03 00:00:00,599828
2019-10-04 00:00:00,582867
2019-10-05 00:00:00,583448
2019-10-06 00:00:00,566893
2019-10-07 00:00:00,623815
2019-10-08 00:00:00,694199
2019-10-09 00:00:00,737090
2019-10-10 00:00:00,693198
2019-10-11 00:00:00,692475
2019-10-12 00:00:00,614623
2019-10-13 00:00:00,562201
2019-10-14 00:00:00,646924
2019-10-15 00:00:00,685466
2019-10-16 00:00:00,687031
2019-10-17 00:00:00,692126
2019-10-18 00:00:00,707039
2019-10-19 00:00:00,653021
2019-10-20 00:00:00,604580
2019-10-21 00:00:00,672623
2019-10-22 00:00:00,717117
2019-10-23 00:00:00,723388
2019-10-24 00:00:00,710574
2019-10-25 00:00:00,735007
2019-10-26 00:00:00,708442
2019-10-27 00:00:00,630487
2019-10-28 00:00:00,719285
2019-10-29 00:00:00,701689
2019-10-30 00:00:00,701348
2019-10-31 00:00:00,731468
2019-11-01 00:00:00,702298
2019-11-02 00:00:00,588520
2019-11-03 00:00:00,565223
2019-11-04 00:00:00,666022
2019-11-05 00:00:00,729536
2019-11-06 00:00:00,698639
2019-11-07 00:00:00,848830
2019-11-08 00:00:00,694209
2019-11-09 00:00:00,598656
2019-11-10 00:00:00,601179
2019-11-11 00:00:00,699808
2019-11-12 00:00:00,700709
2019-11-13 00:00:00,705084
2019-11-14 00:00:00,667632
2019-11-15 00:00:00,638749
2019-11-16 00:00:00,589519
2019-11-17 00:00:00,580530
2019-11-18 00:00:00,731313
2019-11-19 00:00:00,734294
2019-11-20 00:00:00,686435
2019-11-21 00:00:00,755556
2019-11-22 00:00:00,788944
2019-11-23 00:00:00,427747
2019-11-24 00:00:00,591819
2019-11-25 00:00:00,762225
2019-11-26 00:00:00,674676
2019-11-27 00:00:00,669997
2019-11-28 00:00:00,618938
